,,,,,,,,,,,,,,,,1,2,3,4,5,6,7,8,9,10,11,12,13,14,15,16,17,18,19,20,21,22,23,24,25,26,27,28,29,30,31,32,33,34,35,36,37,38,39,40,41,42,43,44,45,46,47,48,49,50,51,52,53,54,55,56,57,58,59,60,61,62,63,64,65,66,,,,,
,,,,,,,,,,,,,,,,1,2,3,4,5,6,7,8,9,10,11,12,13,14,15,16,17,18,19,20,21,22,23,24,25,26,27,28,29,30,31,32,33,34,35,36,37,38,39,40,41,42,43,44,45,46,47,48,49,50,51,52,53,54,55,56,57,58,59,60,61,62,63,64,65,66,,,,,
,,,,,,,,,,,,,,,,,,,,,,,,,,,,,,,,,,,,,,,,,,,,,,,,,,,,,,,,,,,,,,,,,,,,,,,,,,,,,,,,,,,,,,
,,,,,,,,,,,,,,,,,,,,,,,第２表　都市階級・地方・都道府県庁所在市別,１世帯当たり１か月間の収入と支出（総世帯）,,,,,,,,,,,,,,,,,,,,,,,,,,,,,,,,,,,,,,,,,,,,,,,,,,,,,,,,,,,,,,
,,,,,,,,,,,,,,,,,,,,,,,,,,,,,,,,,,,,,,,,,,,,,,,,,,,,,,,,,,,,,,,,,,,,,,,,,,,,,,,,,,,,,,
,,,,,,,,,,,,,,,,,,,,,,,Table 2.  Yearly  Average of  Monthly Receipts  and  Disbursements  per  Household  by,"City  Group, District  and  City  with  Prefectural  Government (Total Households) ",,,,,,,,,,,,,,,,,,,,,,,,,,,,,,,,,,,,,,,,,,,,,,,,,,,,,,,,,,,,,,
,,,,,,,,,,,,,,,,,,,,,,,,,,,,,,,,,,,,,,,,,,,,,,,,,,,,,,,,,,,,,,,,,,,,,,,,,,,,,,,,,,,,,,
,,,,,,,,2023年,,,,,,,,,,,,,,,,,,,,,,,,,,,,,,,,,,,,,,,,,,,,,,,,,,,,,,,,,,,,,,,,,,,,,,,,,,,,,,単位　円
,,,,,,,,2023,,,,,,,,,,,,,,,,,,,,,,,,,,,,,,,,,,,,,,,,,,,,,,,,,,,,,,,,,,,,,,,,,,,,,,,,,,,,,,In  Yen
,,,,,,,項      目,,,,,,,,,            ,都市階級,City group,,地   方  ,,District,,,,,,,,,,都道府県庁所在市,,,,,,,,,  City  with  Prefectural  Government,,,,,,,,都道府県庁所在市,,,,,,,,  City  with  Prefectural  Government,,,,,,,,都道府県庁所在市,,,,,,,,,  City  with  Prefectural  Government,,,,,,,,Item,,,,
,,,,,,,,,,,,,,,,大都市,中都市,小都市Ａ,小都市Ｂ,北海道,東  北,関  東,北  陸,東  海,近  畿,中  国,四  国,九  州,沖  縄,札 幌 市,青 森 市,盛 岡 市,仙 台 市,秋 田 市,山 形 市,福 島 市,水 戸 市,宇都宮市,前 橋 市,さいたま市,千 葉 市,東京都区部,横 浜 市,新 潟 市,富 山 市,金 沢 市,福 井 市,甲 府 市,長 野 市,岐 阜 市,静 岡 市,名古屋市,津    市,大 津 市,京 都 市,大 阪 市,神 戸 市,奈 良 市,和歌山市,鳥 取 市,松 江 市,岡 山 市,広 島 市,山 口 市,徳 島 市,高 松 市,松 山 市,高 知 市,福 岡 市,佐 賀 市,長 崎 市,熊 本 市,大 分 市,宮 崎 市,鹿児島市,那 覇 市,川 崎 市,相模原市,浜 松 市,堺 市,北九州市,,,,,
,,,,,,,,,,,,,,,,,,,・町村,,,,,,,,,,,,,,,,,,,,,,,,,,,,,,,,,,,,,,,,,,,,,,,,,,,,,,,,,,,,,,,,,,,
,,,,,,,,,,,,,,,,,,,"Small citiesB,",,,,,,,,,,,,,,,,,,,,,,,,,,,,,,,,,,,,,,,,,,,,,,,,,,,,,,,,,,,,,,,,,,,
,,,,,,,,,,,,,,,,Major,Middle,Small,towns,,,,,,,,,,,,,,,,Yamagata-,Fukushima-,,Utsunomiya-,Maebashi-,,,Ku-areas,Yokohama-,,,,,,,,,,,,,,,,Wakayama-,,,,Hiroshima-,Yamaguchi-,Tokushima-,Takamatsu-,Matsuyama-,,,,Nagasaki-,Kumamoto-,,Miyazaki-,Kagoshima-,,Kawasaki-,Sagamihara-,Hamamatsu-,,Kitakyushu-,,,,,
,,,,,,,,,,,,,,,,cities,cities,citiesA,& villages,Hokkaido,Tohoku,Kanto,Hokuriku,Tokai,Kinki,Chugoku, Shikoku,Kyushu,Okinawa,Sapporo-shi,Aomori-shi,Morioka-shi,Sendai-shi,Akita-shi,shi,shi,Mito-shi,shi,shi,Saitama-shi,Chiba-shi,of Tokyo,shi,Niigata-shi,Toyama-shi,Kanazawa-shi,Fukui-shi,Kofu-shi,Nagano-shi,Gifu-shi,Shizuoka-shi,Nagoya-shi,Tsu-shi,Otsu-shi,Kyoto-shi,Osaka-shi,Kobe-shi,Nara-shi,shi,Tottori-shi,Matsue-shi,Okayama-shi,shi,shi,shi,shi,shi,Kochi-shi,Fukuoka-shi,Saga-shi,shi,shi,Oita-shi,shi,shi,Naha-shi,shi,shi,shi,Sakai-shi,shi,,,,,
0210Y,2023cyA     ,            ,01,,1,,世   帯   数   分   布(抽出率調整),,,,,,,,,3388,3081,2209,1323,426,667,3772,420,1083,1633,582,284,1021,111,166,24,24,122,26,23,29,21,37,24,149,142,740,319,70,32,29,20,17,31,30,73,189,19,31,124,230,148,31,27,20,21,63,108,19,23,37,32,28,142,27,32,80,49,34,48,30,172,112,69,91,79,,Distribution of households,,,
0210Y,2023cyA     ,            ,01,,2,,集計世帯数,,,,,,,,,2352,4059,1020,478,289,820,2007,545,755,1045,685,487,1051,224,105,99,101,102,102,102,82,94,98,96,95,105,334,131,97,101,102,100,94,99,99,102,110,85,80,91,134,91,101,92,101,98,94,99,101,95,102,97,100,96,101,96,98,97,92,99,140,100,84,100,95,89,,Num. of tabulated households,,,
0210Y,2023cyA     ,            ,01,,3,,世         帯         人       員(人),,,,,,,,,2,2.22,2.3,2.48,2.05,2.26,2.16,2.21,2.37,2.19,2.17,2.19,2.17,2.27,2.09,2.13,2.2,1.88,2.07,2.13,1.99,2.16,2.4,2.23,1.88,1.6,2.17,2.11,2.12,2.23,2.57,2.21,2.02,2.15,2.25,1.88,2.17,2.38,2.08,1.95,2.06,1.88,2.22,2.23,1.93,1.95,2.08,2,1.92,1.98,2.04,2.36,2.07,2.02,1.83,2.25,1.96,1.97,2.1,2.16,2.02,1.74,1.64,2.15,1.88,2.01,,Num. of persons per household (persons),,,
0210Y,2023cyA     ,            ,01,,4,,有         業         人       員(人),,,,,,,,,0.99,1.04,1.07,1.18,0.89,1.08,1.06,1.15,1.15,0.99,1.03,1.01,1.01,1.04,0.92,0.94,0.97,0.95,0.87,1.11,0.98,0.94,1.13,0.99,0.97,0.72,1.1,1.03,1.01,1.16,1.17,0.98,0.99,1.04,1.15,0.98,1.19,1.11,0.97,0.89,0.96,0.9,0.95,0.98,1,1.04,1.05,1.06,0.82,1.03,1.07,0.94,1.1,1.04,0.91,0.92,0.95,1.09,0.99,1.02,1.01,0.95,0.82,1.03,0.68,0.81,,Num. of earners per household (persons),,,
0210Y,2023cyA     ,            ,01,,5,,世    帯    主    の    年    齢(歳),,,,,,,,,57.8,59.8,61,60.7,61.9,59.7,58.6,58.3,59.8,60.1,60.8,60.2,60,60.2,58.9,58.9,59.7,56.2,61.6,55.6,52.6,60.1,57.8,61.5,56.3,59.2,57.9,57.2,60,57.5,61.7,65.5,62.9,59.8,61.1,58,52.8,63,57.3,64.1,58.3,57.4,61.2,62.7,61,56.7,60.5,55.5,63.4,60.5,58.5,62.5,55.3,54.1,56,63,59.4,52.7,63.2,56.8,58.3,58.4,57,63,63.9,65.5,,Age of household heads (years old),,,
0210Y,2023cyA     ,            ,01,,6,,持             家              率(％),,,,,,,,,67,75.7,83.5,86.8,74.3,77.4,74.4,79.4,83.3,76.5,78.1,81.8,70.1,60.7,62.8,78.3,72.6,58.7,80.8,65.2,62.4,76.3,75.9,77,75.3,67.3,69.7,71.8,78.7,80.1,88.1,87.3,77,73.4,85.4,69.4,65.7,93.9,69,79.9,58.4,68.5,82.7,76,77.1,78.5,76.1,58.6,73.4,64.5,79.9,91,66,50.7,57.3,65.7,62,63.5,62.8,56.4,45.5,52.5,71.2,82.5,81,78.2,,Rate of owned dwellings (%),,,
0210Y,2023cyA     ,            ,01,,7,,家賃・地代を支払っている世帯の割合(％),,,,,,,,,28.8,21.8,14.3,12.5,24.1,20.8,22.5,16.8,14.5,21.4,19.3,16.1,25.8,34.9,35.3,21.7,27.2,36.5,17.7,33.5,38.1,21.9,23.4,18.9,16.5,26.1,27.4,25,14.2,19.8,11.6,10.2,21.2,24.6,15.9,30,27.9,6,30,20.8,38,26.5,16.9,21.6,21.9,16.4,18,36.4,26,30.5,19.6,5.9,26.7,42.4,41.1,30.1,33.6,30.4,32.3,42.4,48,44.1,18.2,16.6,19.3,17.5,,Rate of rented dwellings & land (%),,,
0210Y,2023cyA     ,            ,01,,8,,消費支出,,,,,,,,,248062,249218,247460,240722,232409,230889,260686,259170,244800,248818,229463,233490,230163,196053,244480,212623,245926,223996,228649,235685,261274,261988,280396,252685,255697,208876,279319,263825,241794,264541,265079,234708,223439,262284,269015,232366,254012,281715,250989,247571,222395,221983,262528,225446,206405,225273,249763,240977,215452,253435,232989,200072,232139,245679,208851,225799,215310,252847,229687,238439,207763,243950,230651,233966,243477,238101,,Consumption expenditures,,,
0210Y,2023cyA     ,            ,01,,9,,,食料,,,,,,,,67562,66946,67547,65430,58804,63437,70324,68223,69007,69017,62486,59980,60789,58668,58931,61762,65089,60129,64752,59188,60449,61426,72648,65819,65919,59586,78027,68718,65067,70564,75128,61255,59531,62580,65246,60797,74275,69367,68019,66200,69850,66961,71190,64279,52724,58983,64574,65205,56119,59720,62915,63426,64193,63102,56072,63163,58727,57973,61660,60843,57290,60545,64399,64814,60139,62101,,Food,,,
0210Y,2023cyA     ,            ,01,,10,,,,穀類,,,,,,,4914,5325,5331,5231,5078,4802,5156,5189,5525,5548,5102,4765,4744,4881,5088,5184,5216,4164,4656,4583,4994,4410,5297,5586,4558,4023,5305,5007,5225,5474,6245,4779,5106,5445,5446,4474,5215,5286,5554,5180,5544,5070,5607,6066,4442,4762,5080,4923,4566,4499,4825,5447,4722,4435,4009,5677,4053,4192,4664,4856,4444,4296,4458,5488,4779,5122,,Cereals,,,
0210Y,2023cyA     ,            ,01,,11,,,,,米,,,,,,1125,1301,1306,1294,1469,1167,1208,1216,1391,1280,1159,1066,1183,1545,1399,1273,1378,851,1211,1240,1455,932,1185,1551,1051,886,1115,1115,1359,1365,1482,1296,1147,1548,1214,1344,1197,1101,1174,1216,1239,1137,1282,1567,932,1142,974,973,1118,1018,915,1283,1100,946,920,1562,1160,1101,1215,1259,1219,964,1111,1719,1075,1453,,Rice,,,
0210Y,2023cyA     ,            ,01,,12,,,,,パン,,,,,,2183,2291,2259,2117,1941,1773,2220,2208,2351,2558,2236,2139,2045,1848,1994,1972,1974,1774,1639,1596,1932,1922,2178,2307,2090,1760,2452,2181,2116,2177,2752,2041,2138,2104,2540,1789,2233,2351,2559,2382,2508,2509,2466,2818,1957,1885,2345,2336,1936,2054,2132,2384,2118,2067,1780,2448,1562,1826,1956,2154,1907,1890,1949,2119,2166,2146,,Bread,,,
0210Y,2023cyA     ,            ,01,,13,,,,,麺類,,,,,,1247,1346,1373,1440,1317,1539,1335,1408,1370,1335,1333,1228,1154,1103,1346,1645,1560,1238,1485,1376,1396,1233,1475,1362,1098,1087,1340,1295,1453,1550,1538,1060,1484,1405,1273,1086,1361,1353,1461,1220,1471,1106,1372,1317,1200,1407,1395,1262,1166,1006,1462,1397,1197,966,1065,1283,1018,947,1236,1146,944,1108,1118,1281,1194,1151,,Noodles,,,
0210Y,2023cyA     ,            ,01,,14,,,,,他の穀類,,,,,,360,387,393,380,351,322,393,357,414,375,375,332,361,385,348,294,304,302,321,371,211,323,459,365,319,290,398,416,297,382,473,382,336,387,419,255,424,481,361,362,326,318,487,364,353,329,366,352,346,421,315,384,308,455,243,385,313,319,258,297,374,334,280,369,344,372,,Other cereals,,,
0210Y,2023cyA     ,            ,01,,15,,,,魚介類,,,,,,,4259,4557,4918,5060,4753,4974,4590,4838,4894,4787,4435,4239,4013,3035,4577,5466,4755,3729,5189,4202,3653,4397,5002,4689,3801,3681,4843,4455,4655,4858,5177,4234,4630,4506,4177,4102,4545,5469,4117,4591,4336,4400,4527,4923,3777,4078,4165,3702,4267,3851,4226,4898,4368,3231,3253,4733,3543,3739,3637,3476,2853,3912,3369,4798,4118,4815,,Fish & shellfish,,,
0210Y,2023cyA     ,            ,01,,16,,,,,生鮮魚介,,,,,,2343,2465,2681,2670,2424,2539,2429,2703,2715,2699,2506,2288,2267,1699,2441,2899,2427,1986,2724,1930,1590,2186,2567,2407,2084,1962,2677,2458,2226,2674,3018,2273,2185,2064,2122,2165,2632,3163,2081,2663,2482,2650,2338,2754,2079,2214,2403,2127,2520,2083,2310,2774,2489,1781,1699,2625,2006,2163,2030,1947,1538,1845,1721,2554,2174,2869,,Raw fish & shellfish,,,
0210Y,2023cyA     ,            ,01,,17,,,,,塩干魚介,,,,,,765,810,874,932,902,967,868,827,804,865,760,723,626,257,837,1079,996,628,1087,903,946,891,1054,864,718,613,865,807,1082,736,727,684,971,902,802,715,709,857,741,826,782,693,842,881,719,684,669,582,675,675,728,831,735,591,473,599,577,563,592,479,298,880,715,873,739,778,,Salted & dried fish,,,
0210Y,2023cyA     ,            ,01,,18,,,,,魚肉練製品,,,,,,518,588,617,642,593,568,547,542,629,598,618,688,590,367,506,522,485,489,505,557,489,499,513,618,442,546,548,559,551,642,615,598,532,548,567,564,520,669,554,507,539,498,617,740,568,575,511,457,614,585,661,805,672,407,621,945,458,521,499,541,397,551,433,599,576,621,,Fish-paste products,,,
0210Y,2023cyA     ,            ,01,,19,,,,,他の魚介加工品,,,,,,634,695,745,816,834,899,745,766,746,625,551,540,531,712,793,966,847,626,874,813,627,821,869,800,557,560,754,631,796,806,817,679,942,991,685,657,684,780,741,596,533,560,730,548,411,604,582,535,458,508,526,488,472,451,460,564,501,492,516,508,619,636,500,772,629,547,,Other processed fish,,,
0210Y,2023cyA     ,            ,01,,20,,,,肉類,,,,,,,5567,6048,6229,6301,5296,5345,5703,5253,6163,6829,6294,5954,6138,5375,5431,5867,5127,4552,6560,5638,4706,4999,6125,4797,4662,4042,6347,5713,4990,5385,6469,5342,5187,4735,5750,4941,5802,6960,6388,6444,6372,5592,6257,7371,4846,5460,6192,6092,5830,5151,5726,7054,5523,5232,4960,6450,6044,5928,5525,5742,4692,4351,4159,5634,5564,6146,,Meat,,,
0210Y,2023cyA     ,            ,01,,21,,,,,生鮮肉,,,,,,4501,4904,5042,5059,3962,4185,4542,4155,4953,5719,5222,4956,5115,4120,4121,4488,3849,3573,5415,4445,3676,3956,4957,3762,3700,3089,5172,4596,3920,4229,5218,4221,4142,3652,4584,3916,4712,5739,5215,5356,5233,4757,5167,6350,3963,4416,5151,5012,4771,4390,4777,5979,4671,4398,4092,5293,4929,4996,4478,4841,3751,3369,3214,4403,4571,5172,,Raw meat,,,
0210Y,2023cyA     ,            ,01,,22,,,,,加工肉,,,,,,1066,1144,1186,1243,1334,1160,1161,1098,1211,1110,1071,998,1023,1255,1311,1379,1278,979,1145,1193,1030,1043,1168,1035,962,953,1175,1117,1070,1156,1252,1121,1045,1083,1166,1025,1090,1221,1173,1088,1139,835,1090,1021,884,1044,1040,1081,1059,761,949,1075,852,834,869,1158,1115,932,1047,901,941,982,945,1231,993,974,,Processed meat,,,
0210Y,2023cyA     ,            ,01,,23,,,,乳卵類,,,,,,,3221,3464,3564,3414,3194,3268,3519,3318,3502,3496,3477,3192,2953,2822,3085,2998,3147,2676,3404,3223,2754,3465,3556,3493,3205,2738,3660,3404,3431,3069,3631,3183,2995,3427,3380,3082,3258,3897,3280,3339,2860,3185,3795,3334,3173,2995,3483,3443,3244,2878,3229,3373,3067,2931,2482,3188,2883,2571,2886,2726,2720,3042,2532,3352,3473,3332,,Dairy products & eggs,,,
0210Y,2023cyA     ,            ,01,,24,,,,,牛乳,,,,,,965,1043,1148,1065,1003,1017,1055,1080,1063,1088,1172,1079,865,752,987,862,951,800,990,921,712,824,1099,1021,974,881,1068,1020,935,891,989,1031,746,1095,951,861,1035,1177,913,1057,843,830,1305,1072,1050,972,1092,1072,1053,946,987,1168,712,820,603,919,980,690,896,817,712,917,824,938,1164,881,,Fresh milk,,,
0210Y,2023cyA     ,            ,01,,25,,,,,乳製品,,,,,,1489,1574,1540,1444,1390,1465,1672,1454,1570,1500,1409,1248,1237,1213,1328,1431,1453,1255,1553,1534,1340,1865,1694,1749,1537,1231,1805,1594,1683,1437,1770,1320,1535,1497,1483,1496,1473,1801,1489,1422,1177,1548,1548,1228,1154,1270,1536,1516,1351,1222,1454,1198,1336,1400,1221,1278,1073,1093,1308,1137,1258,1479,1024,1560,1466,1448,,Dairy products,,,
0210Y,2023cyA     ,            ,01,,26,,,,,卵,,,,,,767,846,875,905,801,787,793,784,869,908,897,865,851,857,769,705,743,621,861,768,702,776,763,723,694,625,787,790,813,740,871,832,713,835,946,725,750,918,878,860,840,807,942,1034,969,754,854,856,841,710,788,1007,1019,712,658,991,830,787,681,771,750,646,684,855,843,1003,,Eggs,,,
0210Y,2023cyA     ,            ,01,,27,,,,野菜・海藻,,,,,,,6817,7082,7101,6900,6571,7145,7262,7489,7099,7142,6407,5687,6081,6421,6337,7469,7638,5989,8651,7103,6398,6804,7695,7280,6710,6125,8031,7315,8265,7090,7915,6806,6760,7321,6419,6761,6827,6801,6728,7960,6641,6767,7301,6396,5608,5814,6141,5868,5843,5656,6014,6932,5712,5370,5190,7050,6056,5755,5935,5671,5905,5831,5253,7240,6002,7125,,Vegetables & seaweeds,,,
0210Y,2023cyA     ,            ,01,,28,,,,,生鮮野菜,,,,,,4647,4717,4656,4407,4372,4477,4871,4903,4731,4805,4280,3701,4028,4335,4339,4813,4798,3994,5890,4555,3946,4362,5156,4752,4448,4065,5608,5069,5673,4566,5174,4163,4406,4722,4250,4503,4711,4367,4459,5287,4454,4598,4702,4324,3848,3757,4174,4000,3865,3699,3888,4706,3839,3655,3348,4641,4101,3798,4011,3750,3934,3931,3533,4741,3836,4896,,Fresh vegetables,,,
0210Y,2023cyA     ,            ,01,,29,,,,,乾物・海藻,,,,,,507,551,563,590,482,613,556,561,554,558,501,441,501,486,447,614,567,489,629,598,529,534,596,560,535,423,566,522,555,579,657,624,528,568,508,553,486,646,551,793,445,534,554,532,408,555,452,420,464,496,457,521,422,471,400,600,402,432,429,469,474,400,436,584,459,615,,Dried vegetables & seaweeds,,,
0210Y,2023cyA     ,            ,01,,30,,,,,大豆加工品,,,,,,826,925,947,1013,837,1099,912,1055,920,882,833,875,816,980,789,1044,1242,763,1103,983,1008,1019,1037,1058,857,843,906,830,1020,1011,1119,1049,869,997,866,942,859,946,846,923,784,808,1018,716,732,713,827,716,762,768,866,902,765,651,729,920,864,815,767,805,872,716,677,982,810,808,,Soybean products,,,
0210Y,2023cyA     ,            ,01,,31,,,,,他の野菜・海藻加工品,,,,,,836,889,934,890,881,955,924,971,894,897,793,669,736,619,762,999,1031,744,1030,967,915,889,906,910,870,794,951,893,1017,934,966,969,958,1034,794,763,771,841,871,957,957,828,1027,824,620,789,688,732,752,692,804,802,686,593,715,890,689,710,728,647,626,785,608,933,897,806,,Other processed vegetables & seaweeds,,,
0210Y,2023cyA     ,            ,01,,32,,,,果物,,,,,,,2566,2558,2709,2443,2466,2407,2773,2749,2590,2654,2355,2226,2105,1969,2301,2289,2610,2342,2675,2390,1709,2697,2841,2911,2580,2159,3102,2880,2920,2815,3223,2361,2194,2575,2492,2223,2642,2799,2036,2718,2308,2533,2720,2458,2281,2172,2467,2093,2310,2504,2401,2533,2176,2053,1550,2403,2004,1653,2202,2000,1894,2170,2293,2627,2419,2511,,Fruits,,,
0210Y,2023cyA     ,            ,01,,33,,,,,生鮮果物,,,,,,2266,2296,2469,2224,2235,2174,2452,2525,2340,2409,2159,2044,1894,1739,2025,2068,2358,2110,2445,2127,1499,2462,2573,2660,2192,1968,2734,2424,2707,2594,2942,2128,1969,2271,2284,1992,2371,2488,1858,2449,2056,2281,2372,2258,2115,2016,2241,1883,2119,2072,2172,2330,2031,1819,1338,2148,1825,1459,2052,1805,1666,1892,1924,2363,2195,2287,,Fresh fruits,,,
0210Y,2023cyA     ,            ,01,,34,,,,,果物加工品,,,,,,300,262,239,219,231,233,321,224,251,245,196,183,211,230,276,221,252,232,230,263,210,235,268,251,388,191,368,456,214,221,282,233,225,304,208,231,271,311,177,269,252,252,348,200,166,156,225,210,191,432,229,203,145,234,213,256,179,194,150,195,228,278,369,264,224,224,,Processed fruits,,,
0210Y,2023cyA     ,            ,01,,35,,,,油脂・調味料,,,,,,,2836,3077,3176,3255,2827,3045,3071,2956,3194,3063,3027,2972,2912,2773,2754,2874,3097,2584,3105,2838,2881,2945,3240,3009,2650,2391,3213,2874,3159,2883,3363,2510,3005,3265,3047,2634,2961,3205,2962,3085,2867,2664,3252,3001,2766,2857,2946,2780,2833,2533,3080,3342,2827,2528,2486,3127,2667,2479,2873,2664,2465,2553,2250,3084,2718,3119,,"Oils, fats & seasonings",,,
0210Y,2023cyA     ,            ,01,,36,,,,,油脂,,,,,,311,336,351,357,347,298,332,329,344,343,347,324,328,362,307,320,306,248,358,287,266,330,345,323,266,244,341,319,356,352,412,278,318,362,343,262,338,346,308,335,295,392,384,326,353,264,306,311,337,272,312,368,291,299,264,357,311,267,306,296,286,267,290,352,286,395,,Oils & fats,,,
0210Y,2023cyA     ,            ,01,,37,,,,,調味料,,,,,,2525,2741,2825,2898,2480,2747,2739,2627,2850,2720,2681,2648,2583,2411,2447,2555,2790,2336,2747,2551,2615,2615,2895,2686,2384,2147,2872,2554,2803,2531,2951,2232,2687,2903,2704,2372,2622,2859,2654,2749,2572,2272,2868,2675,2413,2593,2640,2470,2496,2261,2767,2974,2537,2229,2222,2770,2356,2212,2567,2368,2179,2286,1961,2732,2431,2724,,Seasonings,,,
0210Y,2023cyA     ,            ,01,,38,,,,菓子類,,,,,,,5465,5681,5902,5921,5339,5619,5851,5865,5891,5751,5493,5339,5162,5003,5127,5136,6086,4988,5580,5416,5511,5383,6030,5624,5826,4619,5974,5856,5601,6231,7212,5337,5310,5405,5839,4798,5606,6558,6342,5245,5838,5255,6375,5309,4913,4630,6212,5423,5242,4835,5321,5887,5232,5192,4439,5763,4616,4354,4931,5239,4702,5167,4602,5871,5275,4872,,Cakes & candies,,,
0210Y,2023cyA     ,            ,01,,39,,,,調理食品,,,,,,,10860,10524,10542,10032,8350,10225,11378,10209,10847,10591,9995,9098,9303,10865,8409,9180,9918,9774,9742,8759,9931,9944,11179,10923,10973,11327,12509,10619,9926,11913,11565,10618,9812,9078,9502,11005,10994,10166,11508,9788,11832,10605,10939,9622,8321,9286,9814,11370,8957,9727,10036,8856,10672,9169,8597,10328,9306,9447,10419,8671,11465,10275,10573,11844,9927,9012,,Cooked food,,,
0210Y,2023cyA     ,            ,01,,40,,,,,主食的調理食品,,,,,,4927,4745,4517,4114,3592,4297,5081,4254,4913,4602,4385,3999,4200,4905,3755,3961,4361,4522,3411,3639,4424,4449,4756,5566,5213,4964,5483,4991,4163,5237,4663,3871,4389,4126,4299,5434,5096,4298,5238,4110,5346,4899,4736,4329,3861,4321,4399,5218,4448,4652,4406,4027,5568,4285,4435,4233,4155,4527,4498,4362,5829,5035,5305,4889,4091,3975,,"Cooked food with rice, bread or noodles",,,
0210Y,2023cyA     ,            ,01,,41,,,,,他の調理食品,,,,,,5933,5779,6025,5919,4758,5929,6297,5955,5933,5990,5610,5099,5103,5960,4654,5219,5557,5252,6332,5120,5508,5495,6423,5357,5760,6364,7026,5629,5763,6676,6903,6748,5423,4952,5203,5571,5898,5867,6270,5678,6486,5707,6203,5292,4460,4965,5415,6152,4509,5075,5630,4829,5105,4884,4162,6094,5151,4921,5921,4309,5636,5239,5268,6955,5837,5037,,Other cooked food,,,
0210Y,2023cyA     ,            ,01,,42,,,,飲料,,,,,,,4448,4573,4679,4648,4352,4972,4793,4752,4384,4412,4258,4174,4134,4821,4344,5154,4885,4352,4783,3749,4829,5386,5126,5292,4416,4345,4931,4629,4471,5270,5022,4010,4556,3878,4727,3715,4334,4654,4214,4099,4382,3884,4554,4599,3422,4052,4748,4363,3500,4473,4684,4183,4315,4193,4389,4705,3816,3788,4312,4648,4847,4522,4523,4328,4346,3637,,Beverages,,,
0210Y,2023cyA     ,            ,01,,43,,,,,茶類,,,,,,919,1002,1012,956,839,999,1092,995,939,874,790,760,901,849,849,838,999,822,794,742,1534,1102,1286,1208,998,926,1044,1019,964,1265,1029,885,1078,916,1094,845,979,1020,855,820,789,808,1011,772,618,978,867,797,700,741,1132,646,805,825,1203,1000,771,742,1134,839,817,934,817,1063,933,760,,Tea,,,
0210Y,2023cyA     ,            ,01,,44,,,,,コーヒー・ココア,,,,,,930,959,945,885,987,956,938,1055,1005,942,917,883,776,1041,1054,948,983,940,909,754,872,1007,778,943,1033,832,932,879,949,1144,1073,838,977,831,1184,608,868,954,1062,973,950,771,924,1072,940,836,1249,874,829,963,1063,929,842,868,898,941,582,802,719,869,956,948,1647,822,848,762,,Coffee & cocoa,,,
0210Y,2023cyA     ,            ,01,,45,,,,,他の飲料,,,,,,2600,2612,2722,2807,2525,3017,2763,2702,2440,2596,2552,2531,2457,2931,2441,3368,2903,2590,3080,2253,2423,3276,3062,3140,2385,2586,2955,2732,2558,2861,2920,2287,2501,2132,2448,2263,2487,2681,2298,2306,2643,2305,2619,2755,1863,2238,2632,2692,1971,2769,2489,2608,2667,2501,2288,2764,2463,2244,2458,2940,3074,2641,2059,2443,2565,2115,,Other beverages,,,
0210Y,2023cyA     ,            ,01,,46,,,,酒類,,,,,,,2789,2984,3054,3125,2812,3575,2955,3771,2530,2736,3198,2766,2987,2727,2661,3977,4427,2919,3446,2626,2992,2544,3232,2224,2668,2356,3350,2600,3878,3532,3171,2502,2236,3089,2671,2307,2325,2298,2933,2679,2575,2904,2202,2474,2702,2955,2287,3139,2376,1921,2702,2614,2843,3087,2877,2053,2834,3073,3579,4177,2518,2319,2332,2609,2162,3359,,Alcoholic beverages,,,
0210Y,2023cyA     ,            ,01,,47,,,,外食,,,,,,,13764,11074,10323,9100,7766,8058,13258,11833,12387,11982,8431,9568,10131,7975,8815,6167,8183,12048,6959,8660,10093,8452,13326,9991,13871,11668,16723,13365,8543,12043,12135,9574,7740,9857,11796,10756,19753,11274,11956,11070,14181,13979,13661,8728,6474,9920,11040,11920,7150,11691,10672,8305,12735,15127,11840,7685,10904,10995,10697,10975,8784,12066,18055,7939,9355,9050,,Meals outside the home,,,
0210Y,2023cyA     ,            ,01,,48,,,,,一般外食,,,,,,13438,10617,9794,8508,7316,7640,12869,11322,11841,11594,7882,9168,9539,7477,8169,6130,7509,11590,6245,7956,9496,7954,12671,9348,13481,11472,16460,12956,8129,11421,11137,8922,7317,9203,11325,10293,19467,10785,11471,10807,14122,13753,13345,8648,6038,9405,10489,11630,6563,11074,10490,7840,12255,14570,11422,7233,10125,10529,10191,10671,8462,11846,17809,7294,9284,8731,,Eating out,,,
0210Y,2023cyA     ,            ,01,,49,,,,,学校給食,,,,,,326,456,529,592,450,418,388,511,546,389,549,401,593,498,646,37,673,458,714,704,597,498,655,643,390,196,263,408,414,622,998,652,423,653,472,462,286,489,485,264,59,226,317,80,437,514,551,289,587,617,182,465,480,557,418,452,779,465,506,304,322,220,246,646,71,319,,School lunch,,,
0210Y,2023cyA     ,            ,01,,50,,,,賄い費,,,,,,,55,0,21,0,0,2,14,0,2,24,14,0,126,0,0,0,0,11,0,0,0,0,0,0,0,113,39,2,0,0,0,0,0,0,0,0,12,0,0,0,114,121,0,0,0,0,0,88,0,0,0,0,0,553,0,0,0,0,0,0,0,42,0,0,0,0,,Charges for board,,,
0210Y,2023cyA     ,            ,01,,51,,,住居,,,,,,,,23885,21079,17435,12774,18999,15848,24254,15320,15053,20540,14489,16450,19070,20141,25046,16303,19455,18690,16535,23334,23876,19440,20612,17718,19064,19071,30310,22868,18743,20206,12635,14115,14207,21104,14036,24637,14165,16641,22993,23125,24985,14006,18013,18131,17877,14027,13535,22467,18656,21660,17165,15064,18444,24245,24785,20281,21746,22911,22248,24391,27894,38710,18204,23956,20622,20169,,Housing,,,
0210Y,2023cyA     ,            ,01,,52,,,,家賃地代,,,,,,,17413,12995,7759,5287,10936,8483,15846,6896,6973,12422,8622,8572,12556,18035,16515,9652,14066,14104,8492,16262,14771,10817,12838,8380,14003,11754,21911,20190,7395,9377,4866,6278,7724,13192,7455,18204,9115,2321,17585,13399,21588,8900,9045,9698,11803,9355,9503,14825,11267,16282,11751,3341,12911,21283,18463,14787,19050,15426,17045,19329,25060,30311,14523,9330,12904,7759,,Rents for dwelling & land,,,
0210Y,2023cyA     ,            ,01,,53,,,,設備修繕・維持,,,,,,,6472,8083,9676,7487,8063,7365,8408,8424,8080,8119,5868,7878,6515,2106,8532,6651,5390,4587,8042,7071,9104,8623,7774,9338,5061,7317,8399,2678,11348,10829,7769,7838,6482,7912,6581,6433,5050,14320,5408,9726,3397,5105,8968,8432,6074,4672,4032,7643,7389,5378,5413,11723,5533,2963,6321,5494,2695,7486,5203,5062,2834,8398,3681,14626,7717,12410,,Repairs & maintenance,,,
0210Y,2023cyA     ,            ,01,,54,,,,,設備材料,,,,,,2315,2448,3452,2710,3636,2219,2574,3289,2748,2887,2188,2932,2572,545,4195,837,1680,1299,3058,2920,2287,2344,1964,3591,1947,2449,3297,1586,4231,3914,2871,3234,1986,2905,4279,1917,1374,3043,2417,1981,964,855,5174,3424,1492,2593,1675,2528,1687,983,2423,5716,1711,733,3054,1960,1103,4761,2148,1647,724,1546,1618,8379,2573,4188,,Tools & materials for repairs & maintenance,,,
0210Y,2023cyA     ,            ,01,,55,,,,,工事その他のサービス,,,,,,4157,5635,6224,4778,4427,5146,5834,5134,5332,5231,3679,4946,3943,1562,4336,5814,3710,3288,4984,4152,6818,6279,5809,5747,3115,4868,5102,1092,7117,6915,4898,4603,4497,5008,2302,4516,3677,11277,2991,7745,2433,4250,3794,5009,4582,2079,2356,5115,5702,4395,2990,6007,3822,2230,3267,3534,1592,2725,3055,3415,2110,6852,2063,6248,5144,8222,,Service charges for repairs & maintenance,,,
0210Y,2023cyA     ,            ,01,,56,,,光熱・水道,,,,,,,,17927,20236,20572,22840,25089,24396,19440,23334,20194,18707,20030,19235,16841,16886,24144,25797,25698,18519,26696,24248,21570,21807,21404,20253,17989,15827,18300,18129,21978,22794,22711,24435,18405,21338,22285,19403,17852,20432,18656,19026,16900,15709,20664,17637,20187,21983,19475,17531,19007,17748,18958,18464,18373,15424,16800,18690,16729,16631,15920,17028,15276,16497,17055,18949,17040,15640,,"Fuel, light & water charges",,,
0210Y,2023cyA     ,            ,01,,57,,,,電気代,,,,,,,9089,10310,10675,12201,11254,12397,9881,13096,10517,9268,11699,11225,8649,9277,11617,12106,11456,9867,11817,12680,10378,10770,11227,10188,8910,8181,9305,9100,10893,13262,13551,15324,8717,9629,11976,10165,9284,10103,9739,8901,9132,7027,9318,10322,11841,13809,10615,9602,10934,10372,11047,10735,9640,6980,8145,7971,8194,9305,7746,8532,7837,8906,8648,10219,8472,7960,,Electricity,,,
0210Y,2023cyA     ,            ,01,,58,,,,ガス代,,,,,,,4764,4787,4307,3671,3930,3678,4887,3864,5017,5046,3636,3559,3787,3809,4525,3011,5665,3486,4511,4360,5121,5156,4412,4800,4814,3835,4905,5147,5136,3360,3060,2721,4708,3906,5090,5048,4745,4105,3908,5802,4997,5315,5906,3326,3095,3070,4422,4753,3753,4321,3884,3461,5005,4326,4617,5082,4373,3383,3766,4840,4027,4746,4868,4558,4472,4419,,Gas,,,
0210Y,2023cyA     ,            ,01,,59,,,,他の光熱,,,,,,,516,954,1378,2251,5998,3322,634,1624,657,453,785,1128,606,352,4954,5796,3396,1293,5640,2244,1560,1220,928,817,223,221,139,165,1427,1599,1457,1737,1039,1937,896,278,241,1065,453,251,169,224,531,732,1052,732,443,379,522,390,723,688,415,304,364,457,297,378,578,373,69,181,455,512,178,427,,Other fuel & light,,,
0210Y,2023cyA     ,            ,01,,60,,,,上下水道料,,,,,,,3558,4183,4211,4717,3907,5000,4039,4750,4004,3940,3909,3323,3800,3448,3047,4883,5182,3874,4728,4964,4511,4662,4837,4448,4042,3589,3952,3718,4522,4573,4642,4653,3942,5867,4323,3911,3583,5159,4556,4073,2602,3142,4909,3257,4199,4372,3996,2798,3798,2665,3305,3581,3313,3814,3673,5179,3864,3565,3829,3283,3343,2664,3083,3660,3918,2834,,Water & sewerage charges,,,
0210Y,2023cyA     ,            ,01,,61,,,家具・家事用品,,,,,,,,9425,9658,10530,9918,8372,8932,10332,11138,9562,9682,10060,9573,9187,7999,8178,8668,9054,8292,7695,8385,7997,9949,11150,9831,10695,7559,10548,11543,10129,9253,10004,8626,8475,9661,10081,7816,10242,11586,9665,8830,7022,8179,9513,10605,7753,8079,11404,9643,8727,10245,8902,10141,8959,8550,9941,8797,8997,7746,9812,7706,7723,8963,6554,8712,11490,8884,,Furniture & household utensils,,,
0210Y,2023cyA     ,            ,01,,62,,,,家庭用耐久財,,,,,,,3398,3190,3553,2997,2563,2760,3511,4057,3227,3478,3612,2769,2943,2418,2769,2682,2870,3122,2222,3350,2286,3516,3404,3444,4285,2376,4175,3495,3592,3006,3093,2704,2491,2931,3565,2047,4275,3844,2848,3961,1798,3140,2893,3431,2159,2428,5170,3771,2435,3485,2645,2774,3074,2261,4380,2452,3532,2097,3902,1862,2471,3086,1990,2545,3882,3179,,Household durable goods,,,
0210Y,2023cyA     ,            ,01,,63,,,,,家事用耐久財,,,,,,1741,1625,1881,1853,1530,1430,1795,2505,1756,1704,1679,1663,1777,1316,1858,972,1389,2270,963,1080,850,1598,1914,1633,2165,1413,2214,1125,1415,1849,2053,1257,980,1423,1492,944,2001,2294,832,1857,802,2039,1137,845,1243,1686,2175,2077,1435,1893,1142,1216,1607,1062,3886,1683,1480,1240,1470,968,738,1877,1044,1642,2546,1439,,Durable goods assisting housework,,,
0210Y,2023cyA     ,            ,01,,64,,,,,冷暖房用器具,,,,,,1206,1201,1201,918,809,1104,1217,1345,1095,1256,1642,833,909,929,670,1647,1222,712,883,1681,752,1422,772,1560,1467,734,1208,2045,1903,1039,715,1160,1176,1195,1469,1055,1188,1114,1329,1972,736,809,1427,2368,708,573,2569,1074,731,1245,1374,1184,1259,785,222,585,1643,503,1950,688,1455,989,736,679,1080,1471,,Heating & cooling appliances,,,
0210Y,2023cyA     ,            ,01,,65,,,,,一般家具,,,,,,451,364,471,226,225,227,499,208,376,517,292,273,257,173,240,63,260,140,375,588,684,496,718,251,653,230,753,326,274,118,324,286,335,313,605,49,1086,436,688,132,261,292,329,217,208,169,426,619,269,347,129,374,208,415,272,184,409,355,482,206,278,219,210,223,255,268,,General furniture,,,
0210Y,2023cyA     ,            ,01,,66,,,,室内装備・装飾品,,,,,,,573,552,651,460,376,426,708,1079,485,482,490,412,396,286,316,370,352,456,416,290,478,382,737,583,483,352,395,2031,351,573,548,382,343,620,479,471,702,584,390,276,312,307,486,467,363,653,624,377,326,485,505,505,448,391,378,503,509,284,480,373,539,594,329,375,1046,433,,Interior furnishings & decorations,,,
0210Y,2023cyA     ,            ,01,,67,,,,寝具類,,,,,,,577,544,556,570,575,456,591,645,493,622,542,655,483,250,612,625,711,301,301,366,689,633,921,596,685,246,817,541,952,389,844,346,498,629,410,751,502,468,1302,307,329,500,620,484,542,366,397,449,486,883,548,450,623,636,691,450,554,455,549,518,313,390,516,644,1005,457,,Bedding,,,
0210Y,2023cyA     ,            ,01,,68,,,,家事雑貨,,,,,,,1908,1886,1884,1748,1529,1612,2085,1985,1805,1786,1740,1739,1733,1666,1534,1572,1838,1624,1323,1298,1696,1782,2320,1991,2437,1667,1912,2749,1755,1509,1929,2133,1949,1766,1840,1662,1758,2316,1924,1372,1693,1577,2081,1728,1513,1597,1600,1993,1665,1804,1391,2027,1538,2216,1601,1997,1516,1881,1700,1917,1399,2387,1360,1598,2008,1657,,Domestic utensils,,,
0210Y,2023cyA     ,            ,01,,69,,,,家事用消耗品,,,,,,,2495,2810,2978,3003,2666,2826,2797,2780,2866,2658,2732,2928,2673,2924,2458,2863,2755,2434,2720,2558,2350,2935,3206,2745,2476,2450,2679,2372,2955,2966,2975,2423,2791,2675,3100,2340,2530,2978,2685,2477,2612,2192,2878,2777,2271,2537,2563,2525,2581,2787,2700,3028,2515,2485,2337,2927,2283,2395,2629,2726,2566,2207,2097,2753,2695,2809,,Domestic non-durable goods,,,
0210Y,2023cyA     ,            ,01,,70,,,,家事サービス,,,,,,,474,676,907,1141,662,852,641,592,687,656,944,1070,960,454,489,556,528,355,713,523,498,702,562,472,329,468,571,354,523,811,615,638,404,1039,686,544,475,1396,516,438,277,463,554,1718,904,499,1050,528,1234,801,1113,1357,761,561,554,466,604,635,551,310,436,300,262,797,854,349,,Domestic services,,,
0210Y,2023cyA     ,            ,01,,71,,,被服及び履物,,,,,,,,8189,7447,7122,6517,6571,6628,8347,7089,7615,7063,6784,6698,7070,4432,7679,5062,7643,8204,6476,6496,11583,8937,8885,9284,10552,6785,9570,8999,7850,6941,8582,6431,5826,7642,8128,7345,9921,7159,7236,6648,5658,7338,8695,6145,5164,6659,8918,8109,6472,8006,6755,6416,7220,9165,5828,7685,6236,7958,6308,7141,4502,6977,5580,6432,7003,9092,,Clothing & footwear,,,
0210Y,2023cyA     ,            ,01,,72,,,,和服,,,,,,,26,119,33,16,15,42,87,53,27,55,35,14,20,5,3,9,37,14,1,115,25,18,20,2741,21,6,32,52,57,1,26,8,23,9,412,41,15,52,61,31,13,2,26,3,21,26,209,13,9,2,6,7,4,13,8,114,17,20,1,52,12,3,7,13,19,25,,Japanese clothing,,,
0210Y,2023cyA     ,            ,01,,73,,,,洋服,,,,,,,3466,2742,2593,2393,2606,2335,3333,2328,3069,2746,2509,2297,2701,1735,3205,1750,2594,3178,2064,2292,5149,3649,3897,2406,4252,2950,4260,4008,2805,2258,3211,2272,2132,2989,2709,3163,4413,2861,2636,2613,2321,3107,4003,2503,1869,2140,3322,3315,2039,3261,2131,2496,2587,4344,2057,3061,2296,2933,2333,2892,1447,2724,2100,2255,2737,3808,,Clothing,,,
0210Y,2023cyA     ,            ,01,,74,,,,シャツ・セーター類,,,,,,,1670,1513,1488,1350,1408,1441,1640,1440,1586,1394,1541,1716,1531,805,1781,903,1513,1817,1782,1869,1696,2091,1751,1369,1990,1621,1767,1923,1544,1845,1968,1311,1317,1801,1777,1624,1910,1459,1616,1493,1183,1333,1565,1235,1023,1615,1991,1900,1585,1668,1902,1514,1964,1444,1428,1582,1295,2355,1586,1455,852,1482,1433,1708,1322,2253,,Shirts & sweaters,,,
0210Y,2023cyA     ,            ,01,,75,,,,下着類,,,,,,,695,772,766,695,630,711,784,761,822,693,693,662,653,467,676,572,683,890,729,511,1008,704,915,788,1087,513,721,739,932,658,811,638,670,787,846,563,1093,769,693,508,571,512,571,642,510,912,666,762,788,677,705,589,752,569,703,577,561,494,585,753,408,488,442,763,742,859,,Underwear,,,
0210Y,2023cyA     ,            ,01,,76,,,,生地・糸類,,,,,,,76,89,80,72,63,91,87,98,74,83,51,74,66,97,45,19,106,86,68,45,118,230,81,70,104,37,85,82,52,41,57,247,58,69,52,65,90,104,50,49,36,41,95,108,57,54,51,30,46,97,44,134,49,75,25,37,32,107,53,73,56,82,51,149,328,27,,Cloth & thread,,,
0210Y,2023cyA     ,            ,01,,77,,,,他の被服,,,,,,,619,615,606,595,516,634,643,546,595,633,570,571,599,357,530,475,753,765,525,476,507,654,651,574,794,474,642,655,590,515,630,630,582,591,747,484,712,520,638,626,452,642,577,577,473,441,674,591,853,606,572,515,613,738,558,634,537,631,467,591,336,558,540,551,699,658,,Other clothing,,,
0210Y,2023cyA     ,            ,01,,78,,,,履物類,,,,,,,1163,1150,1065,997,961,912,1275,1075,1095,1035,1004,1034,1028,624,1135,773,1377,935,867,748,2089,977,1137,968,1837,757,1422,1235,1416,1131,1357,927,774,1031,935,965,1283,1017,1121,978,638,1397,1220,881,825,1087,1304,985,780,931,943,897,897,1392,850,1139,819,1084,842,1042,696,1119,717,727,751,1084,,Footwear,,,
0210Y,2023cyA     ,            ,01,,79,,,,被服関連サービス,,,,,,,473,448,492,398,372,461,499,786,347,423,381,332,472,341,305,561,580,518,439,439,991,614,433,369,465,427,642,305,455,492,522,398,270,364,650,440,405,377,420,350,443,306,638,197,386,385,701,514,373,766,451,265,355,589,199,542,680,333,441,284,694,521,291,266,405,378,,Services related to clothing,,,
0210Y,2023cyA     ,            ,01,,80,,,保健医療,,,,,,,,12382,11741,11918,11412,11240,11450,12808,10840,12370,11925,10475,10911,11028,8583,12448,9663,12698,13831,9670,10049,10562,16800,12402,14081,15969,9449,14328,13542,9950,10319,12177,11931,12592,12549,15440,11249,14005,13642,11397,11416,9493,12410,12412,10083,9446,9423,10731,10509,10446,10657,12916,10150,9300,11070,10805,13056,11000,10027,10416,12102,8465,12246,8661,12670,11779,12685,,Medical care,,,
0210Y,2023cyA     ,            ,01,,81,,,,医薬品,,,,,,,2203,2155,2305,2346,2311,2304,2356,2012,2266,2105,2158,2014,2076,1753,2315,2235,2917,2303,1951,2287,2052,2369,2513,1907,2356,2019,2460,2198,2062,2218,2114,1926,2207,2292,2570,1682,2594,2595,2105,2247,1921,2060,2141,1828,1981,1622,1983,1892,1866,1889,2262,1856,1652,2010,2161,2530,1789,1715,2179,2290,1706,2116,1969,2344,2227,2297,,Medicines,,,
0210Y,2023cyA     ,            ,01,,82,,,,健康保持用摂取品,,,,,,,1143,1091,1148,1096,1097,1182,1235,1210,822,1093,1259,965,996,901,1043,934,1306,1177,1161,1071,1048,792,1038,1440,800,1116,1347,1556,817,909,1090,2143,957,805,1181,910,911,1235,849,798,715,1807,1127,608,963,2000,1189,1203,1150,809,1041,686,1165,987,708,1044,1671,648,788,1168,796,1013,653,830,1304,912,,Health fortification,,,
0210Y,2023cyA     ,            ,01,,83,,,,保健医療用品・器具,,,,,,,2090,2061,2206,2120,1932,1961,2168,2165,2222,2111,1940,2140,2059,1751,1783,1931,1986,2174,1763,1704,1889,2012,2379,2046,2076,2134,2518,1936,1866,2489,2529,1916,1604,1966,2267,2379,2360,2821,1725,1894,1793,1558,2344,1904,1411,1726,1712,2076,1541,2269,2044,1853,2484,2165,1493,2573,1897,2467,1743,1798,1473,2120,1212,1800,2160,2632,,Medical supplies & appliances,,,
0210Y,2023cyA     ,            ,01,,84,,,,保健医療サービス,,,,,,,6947,6434,6260,5850,5900,6002,7049,5454,7060,6616,5119,5792,5897,4178,7306,4563,6489,8177,4794,4987,5573,11627,6471,8688,10737,4178,8003,7852,5205,4704,6445,5945,7823,7485,9422,6279,8141,6990,6718,6477,5064,6986,6800,5743,5092,4076,5847,5338,5889,5689,7570,5756,3999,5908,6443,6909,5643,5197,5706,6846,4490,6998,4826,7696,6087,6844,,Medical services,,,
0210Y,2023cyA     ,            ,01,,85,,,交通・通信,,,,,,,,30290,36535,37070,39502,37085,34177,34523,41661,37635,32714,35499,34178,35248,24409,38720,27458,35789,32469,31740,40836,37697,39698,47441,43275,34064,23762,26813,31606,36431,50020,40256,29747,38018,41928,54955,30527,33987,59525,38978,28320,25053,25315,35895,33586,35028,38703,35843,33778,29506,37014,32147,23139,36426,31067,26754,27768,27139,46274,32771,36694,23738,28679,37458,32809,33045,34175,,Transportation & communication,,,
0210Y,2023cyA     ,            ,01,,86,,,,交通,,,,,,,6726,4893,3872,2398,2908,2854,6623,2683,4280,5851,2807,2584,3422,2520,4129,1763,3575,4987,2665,1754,2251,3404,6182,2308,9007,5450,9603,8319,3160,2388,2527,1770,1591,3948,3139,6249,7272,2895,6590,5755,4885,8108,8539,2019,1831,3666,4000,3964,3398,3766,4046,1250,3195,5616,2321,3700,2489,6520,2955,3518,4019,6270,6669,3362,4210,3415,,Public transportation,,,
0210Y,2023cyA     ,            ,01,,87,,,,自動車等関係費,,,,,,,14242,21100,23123,25740,23858,20125,17825,28407,23269,16974,22425,20303,22233,12931,24180,14204,20942,17940,18506,29073,24316,25188,30166,31282,15952,10102,7798,13919,23735,36572,27111,17254,27124,26129,38395,15032,16891,46768,23034,13244,9208,9522,17647,21594,23724,24709,20849,20154,16236,24072,18820,12410,20014,17018,15536,14911,15949,29983,19478,22172,11293,13380,22290,19808,19694,22096,,Private transportation,,,
0210Y,2023cyA     ,            ,01,,88,,,,,自動車等購入,,,,,,2924,5489,5936,6696,8147,3557,3879,8204,6379,4091,5532,3949,6828,1106,9438,1095,2455,5071,4143,11505,3879,7724,11346,8631,4909,1600,259,1170,6101,14984,8549,522,11044,5610,17625,1578,3058,24186,7694,5536,1624,1401,3283,6854,3642,8000,791,6720,1481,6968,4077,1855,4067,3310,2580,4401,3797,9838,3216,4249,1944,2925,5025,4234,5005,7698,,Purchase of vehicles,,,
0210Y,2023cyA     ,            ,01,,89,,,,,自転車購入,,,,,,339,241,255,125,15,132,373,98,209,324,139,218,167,96,36,187,174,309,58,71,299,132,163,212,257,131,496,1270,66,253,53,159,166,146,155,187,140,260,161,236,197,36,133,270,114,43,477,28,114,130,194,123,69,103,53,0,51,146,345,1611,52,337,202,0,188,233,,Purchase of bicycles,,,
0210Y,2023cyA     ,            ,01,,90,,,,,自動車等維持,,,,,,10979,15370,16932,18920,15695,16436,13573,20105,16681,12560,16753,16136,15238,11729,14705,12922,18313,12560,14305,17497,20138,17331,18657,22439,10786,8370,7042,11479,17568,21335,18509,16573,15913,20373,20615,13268,13693,22322,15179,7472,7387,8084,14231,14471,19967,16667,19581,13405,14641,16974,14549,10432,15877,13604,12903,10511,12100,19999,15918,16313,9297,10118,17063,15574,14501,14165,,Maintenance of vehicles,,,
0210Y,2023cyA     ,            ,01,,91,,,,通信,,,,,,,9322,10541,10075,11364,10319,11198,10075,10572,10085,9888,10268,11291,9593,8957,10411,11491,11272,9543,10569,10009,11131,11106,11093,9685,9105,8211,9413,9368,9536,11059,10619,10723,9303,11851,13421,9246,9824,9863,9354,9321,10960,7686,9710,9973,9473,10327,10994,9661,9871,9176,9281,9479,13217,8433,8897,9157,8702,9770,10338,11003,8426,9029,8499,9639,9142,8663,,Communication,,,
0210Y,2023cyA     ,            ,01,,92,,,教育,,,,,,,,8169,6415,5979,4001,2770,3966,8378,4556,6519,7754,4511,3736,4724,2652,4189,4318,4260,4985,2754,3931,5243,4627,8351,4096,8247,2554,14748,11015,3693,4084,11478,4590,4642,4586,7270,4888,6886,6778,9153,9593,6638,4834,9625,6519,2565,3187,7237,5377,3598,4987,3353,3603,5013,7187,4194,2989,4160,4331,3525,4759,3174,5123,5698,5154,7881,3261,,Education,,,
0210Y,2023cyA     ,            ,01,,93,,,教養娯楽,,,,,,,,27085,24659,24179,21753,20959,20311,28672,24152,23667,26181,20997,22165,20069,15388,24320,15633,23524,22717,18967,18749,36702,23948,29026,23357,28951,22735,33955,29824,21957,22356,27535,23238,20107,26732,21921,22652,27119,28062,23583,29881,22046,24096,25934,20163,19489,20853,28015,24561,19011,24187,24180,17711,21040,24091,15906,17365,18807,21908,18289,22145,16701,24859,24392,20733,29415,20395,,Culture & recreation,,,
0210Y,2023cyA     ,            ,01,,94,,,,教養娯楽用耐久財,,,,,,,2160,1988,1387,1464,2166,1613,2112,1565,1527,1927,1530,1599,1458,1393,4023,1026,2254,1108,1173,1199,9537,2025,2718,1167,1928,1463,2995,2032,1488,1410,1656,2304,2055,1845,1315,1206,2649,1232,1303,1335,1637,1176,1967,1504,2225,2065,3441,2063,1281,2974,1333,1800,1682,2201,900,619,2495,1657,1507,1158,1681,1946,1398,1348,1686,1228,,Recreational durable goods,,,
0210Y,2023cyA     ,            ,01,,95,,,,教養娯楽用品,,,,,,,5898,5754,6600,5866,5454,5957,6607,5882,5728,5599,5938,6840,4998,4299,5700,4435,5616,6002,5078,4833,8263,5665,7444,5431,6485,4769,6576,5835,6681,5848,7280,4566,5700,6348,6291,5523,5780,6331,4914,5601,4976,4799,5682,4774,5080,4406,8385,6489,5070,3813,6988,5626,5006,4943,3863,5228,4046,4533,4629,6003,3978,6813,5789,5718,5672,5049,,Recreational goods,,,
0210Y,2023cyA     ,            ,01,,96,,,,書籍・他の印刷物,,,,,,,2697,2732,3054,2600,2821,2764,3048,2967,2613,2847,2479,2282,2168,1692,2956,2512,3152,2471,2817,2518,2836,2838,2785,2813,2869,3062,2986,2812,2673,3056,2988,3117,2701,3056,2518,2381,2400,2463,2286,4590,2172,2723,3407,2864,2202,2438,2286,2804,2507,2707,2199,1997,2421,1954,1738,1844,2258,2340,1862,2645,1949,1949,2738,2721,2532,2393,,Books & other reading materials,,,
0210Y,2023cyA     ,            ,01,,97,,,,教養娯楽サービス,,,,,,,16330,14185,13138,11823,10518,9978,16905,13739,13799,15808,11049,11444,11447,8004,11641,7661,12502,13136,9899,10199,16067,13419,16079,13947,17669,13441,21398,19146,11115,12043,15611,13251,9652,15484,11796,13542,16290,18036,15081,18356,13261,15399,14878,11022,9981,11943,13904,13204,10153,14693,13660,8288,11931,14993,9404,9674,10008,13378,10291,12339,9093,14151,14467,10946,19525,11726,,Recreational services,,,
0210Y,2023cyA     ,            ,01,,98,,,,,宿泊料,,,,,,2171,1727,1475,1512,1317,1310,2259,1810,1536,1984,1117,1027,1253,704,1348,493,1702,2091,1307,1118,1434,1955,2494,1414,3508,1145,2829,2541,1670,1825,1935,1897,776,1947,1947,2829,2692,1383,2271,1950,1532,2159,1681,843,645,1099,1229,2042,997,1711,1370,389,1421,1466,1478,963,974,2378,2002,1309,716,1585,2078,1214,2933,1124,,Accommodation services,,,
0210Y,2023cyA     ,            ,01,,99,,,,,パック旅行費,,,,,,2220,1604,1789,1449,1183,900,2039,1373,1762,2529,1627,1317,1445,1487,1006,552,1827,847,328,370,800,1559,2958,1921,1750,1375,3115,2640,1787,477,2510,1399,1125,1760,739,1064,1466,3665,2422,3649,2988,1762,1960,1060,575,395,2319,1685,1637,2171,1343,1209,1230,1632,516,781,1721,665,855,1275,1373,2033,713,1393,4631,1603,,Package tours,,,
0210Y,2023cyA     ,            ,01,,100,,,,,月謝類,,,,,,2365,2076,2135,1270,968,932,2538,1762,2367,2391,1496,1524,1537,1088,1177,850,1231,1288,885,1457,1182,2346,2204,2540,2161,2027,3405,3407,1147,1368,3028,1699,1162,1694,1745,2100,2542,3036,1946,3489,1528,2059,2643,1695,1507,1371,2034,1587,1156,1911,2493,1280,1672,2515,1379,1253,1504,1640,689,1689,1407,1787,1309,2089,1754,1628,,Lesson fees,,,
0210Y,2023cyA     ,            ,01,,101,,,,,他の教養娯楽サービス,,,,,,9573,8777,7740,7592,7050,6836,10069,8794,8133,8904,6810,7577,7212,4725,8110,5765,7742,8909,7379,7254,12651,7559,8423,8073,10250,8895,12050,10558,6511,8373,8137,8256,6589,10082,7365,7549,9589,9952,8442,9268,7214,9419,8595,7423,7255,9079,8321,7891,6363,8900,8454,5410,7609,9381,6031,6677,5810,8695,6745,8067,5597,8746,10366,6250,10207,7372,,Other recreational services,,,
0210Y,2023cyA     ,            ,01,,102,,,その他の消費支出,,,,,,,,43147,44503,45109,46575,42519,41744,43607,52856,43178,45237,44131,50564,46135,36896,40827,37959,42715,36161,43364,40468,45595,55357,48476,44969,44245,41549,42721,47580,45998,48002,44573,50339,41636,54164,49653,43051,45560,48523,41311,44532,34751,43134,50588,38298,36173,43376,50030,43796,43909,59211,45698,31959,43171,51779,37767,46006,41769,57088,48739,45631,43001,41350,42651,39736,45063,51699,,Other consumption expenditures,,,
0210Y,2023cyA     ,            ,01,,103,,,,諸雑費,,,,,,,20787,21093,21686,20855,20572,18802,21272,25349,21089,21567,20962,20867,20448,14923,21499,17861,20973,15744,17843,20396,18314,24605,21757,20557,21700,17520,22201,22015,20702,24231,22527,23656,21918,24150,25969,19592,23488,23354,18663,23680,17223,18913,21864,18578,18844,21400,25500,20773,19630,21650,19735,15556,19835,21262,21210,21924,17349,22036,20660,22264,14457,20205,16744,18547,22829,25237,,Miscellaneous,,,
0210Y,2023cyA     ,            ,01,,104,,,,,理美容サービス,,,,,,3566,3175,2732,2471,2517,2253,3495,3148,3162,3416,2779,2337,2587,1588,2547,2090,2714,2382,2270,2586,2599,2913,3515,3135,3821,3000,4018,5425,3594,3171,3297,2684,2462,3272,3340,3443,4405,3321,2415,3172,2474,3282,3032,2456,2478,2888,3335,3699,2556,2758,2647,1984,3477,3091,2942,2714,2239,3303,1948,1946,1761,3214,3036,2538,2694,3052,,Personal care services,,,
0210Y,2023cyA     ,            ,01,,105,,,,,理美容用品,,,,,,4008,4074,4099,4166,3871,3570,4214,3716,4299,4301,3885,3642,3833,3076,3746,3099,3642,3396,3919,3766,3337,3776,4696,4326,4490,4417,4424,3818,3826,4163,4537,3265,3763,4165,4729,3821,5753,4906,3662,3843,3084,3720,4424,3739,3252,4400,4169,4360,4339,3803,3615,3332,4377,3730,4206,3829,3802,3873,3206,3987,2963,3250,2407,4140,4250,4612,,Personal care goods,,,
0210Y,2023cyA     ,            ,01,,106,,,,,身の回り用品,,,,,,1678,1245,1254,1135,1140,1055,1628,976,1469,1455,1046,809,1151,739,1678,606,1634,1058,828,1236,757,2472,1456,1098,1585,852,1881,2486,1211,1276,1721,898,1607,1197,1671,966,3580,975,1334,1442,873,1930,1060,909,826,1153,1369,1285,938,1039,798,972,1318,1411,1154,1100,762,1602,2383,1094,718,2147,1002,981,1503,1142,,Personal effects,,,
0210Y,2023cyA     ,            ,01,,107,,,,,たばこ,,,,,,1205,1197,1354,1382,1764,1425,1279,1611,1382,990,1228,904,1122,1378,1710,1956,876,627,654,842,895,1325,963,1797,392,1967,1024,821,1668,3153,502,630,1871,1464,2446,425,901,897,963,1439,1813,807,828,1252,1449,2064,998,1173,1393,815,1036,583,1216,1748,706,1390,952,1028,1793,2155,1409,1332,2679,1444,1482,451,,Tobacco,,,
0210Y,2023cyA     ,            ,01,,108,,,,,他の諸雑費,,,,,,10330,11403,12246,11701,11280,10498,10657,15897,10777,11404,12024,13176,11756,8142,11819,10110,12105,8282,10172,11967,10726,14119,11127,10201,11412,7285,10854,9465,10402,12468,12470,16179,12215,14053,13784,10936,8849,13256,10288,13784,8978,9175,12521,10221,10838,10895,15629,10256,10405,13235,11640,8685,9447,11282,12203,12890,9595,12229,11330,13083,7607,10264,7620,9444,12901,15981,,Other miscellaneous,,,
0210Y,2023cyA     ,            ,01,,109,,,,こ    づ    か    い (使途不明),,,,,,,3172,3823,4064,4350,3678,3927,3554,3270,4099,4094,3746,3135,3763,2437,3357,3337,4110,2298,5986,2348,3898,2918,4615,3121,3254,2228,3355,2077,3248,4007,4587,3575,2963,3903,5929,3368,4150,3789,3402,3731,2771,3154,4554,5529,1663,1920,3009,3792,3055,2571,6223,2740,2321,3118,1925,4024,3031,3807,3550,4193,2143,4854,1692,2812,3358,5463,,"Pocket money (of which, detailed uses unknown)",,,
0210Y,2023cyA     ,            ,01,,110,,,,交際費,,,,,,,15901,15529,15896,16299,15409,14293,15647,18023,14876,16881,14432,18467,16469,12949,14268,10807,12560,13515,13808,14236,19230,22831,15881,14291,16780,17080,14976,18295,16272,15239,12245,14656,12208,16770,14218,15280,15940,19259,15874,14512,14141,18193,20995,12578,13041,15468,16647,17425,17924,20397,16855,10835,16033,19772,11406,15168,16565,14235,18304,13990,12036,14506,16479,13773,17237,16981,,Social expenses,,,
0210Y,2023cyA     ,            ,01,,111,,,,,食料,,,,,,4657,4591,4766,4511,4566,4343,4636,6109,4724,4651,4114,4703,4532,3903,3596,3934,4179,4207,4813,5047,5057,5576,4152,4125,4622,4345,4783,4583,4251,5693,3810,4974,3670,4919,4663,5667,6328,5656,4151,4756,3615,5195,3895,5004,3597,3918,4697,3996,5394,6542,4825,2923,6035,5357,3933,4019,4550,3531,4420,5202,2917,4676,4401,3454,5586,5118,,Food,,,
0210Y,2023cyA     ,            ,01,,112,,,,,家具・家事用品,,,,,,149,293,159,103,109,138,170,151,499,119,153,163,155,138,160,187,388,163,183,164,460,144,153,75,264,121,135,157,189,130,372,59,133,124,185,244,220,118,215,187,77,77,100,79,80,72,302,119,120,180,130,133,276,179,212,82,97,258,57,236,122,89,74,198,59,213,,Furniture & household utensils,,,
0210Y,2023cyA     ,            ,01,,113,,,,,被服及び履物,,,,,,357,317,279,275,262,291,326,275,367,267,259,294,409,273,214,185,300,309,254,297,469,621,446,248,409,169,328,420,345,383,447,221,247,220,389,507,331,363,226,323,250,240,261,375,147,102,266,389,941,432,377,348,337,600,202,234,455,502,342,401,220,425,232,739,334,873,,Clothing & footwear,,,
0210Y,2023cyA     ,            ,01,,114,,,,,教養娯楽,,,,,,999,836,1158,746,790,850,1095,1077,974,796,748,778,892,686,809,937,660,570,748,1140,735,756,877,933,796,651,1156,1167,855,642,1097,771,512,1411,1367,1056,877,851,871,858,741,581,716,690,311,658,936,905,1411,703,952,1410,1867,1021,479,929,304,1069,630,552,658,1876,825,1380,1262,1344,,Culture & recreation,,,
0210Y,2023cyA     ,            ,01,,115,,,,,他の物品サービス,,,,,,585,656,426,253,404,373,469,292,519,772,405,490,711,302,296,202,301,413,332,226,225,455,298,371,354,495,493,419,277,437,344,210,536,508,806,633,422,377,329,644,237,1248,401,380,262,197,791,521,412,2535,519,279,571,1818,242,340,877,349,3237,421,226,837,406,399,414,316,,Other goods & services,,,
0210Y,2023cyA     ,            ,01,,116,,,,,贈与金,,,,,,5250,5625,7147,8644,6524,6328,5657,7750,5095,6347,6846,9432,7336,5817,4788,4335,4939,4537,5978,4997,9382,13163,5498,7364,3967,5452,4486,6669,6437,5493,3681,7149,5649,7115,5226,5819,4095,9173,4187,4440,5741,5339,9988,5179,6030,7836,5378,8884,5446,6933,7139,4988,3724,5833,4669,6765,7227,6001,7321,5345,4169,4119,6125,6119,6260,6378,,Money gifts,,,
0210Y,2023cyA     ,            ,01,,117,,,,,他の交際費,,,,,,3904,3211,1961,1767,2755,1971,3293,2370,2698,3930,1908,2607,2434,1830,4404,1027,1793,3316,1499,2365,2901,2117,4457,1174,6368,5847,3597,4880,3918,2461,2493,1271,1462,2472,1582,1353,3666,2721,5895,3304,3479,5513,5634,871,2613,2684,4276,2611,4201,3073,2911,754,3221,4963,1669,2799,3055,2526,2297,1832,3724,2484,4416,1483,3321,2740,,Other social expenses,,,
0210Y,2023cyA     ,            ,01,,118,,,,仕送り金,,,,,,,3288,4057,3463,5070,2860,4722,3134,6214,3115,2694,4990,8095,5456,6587,1703,5952,5073,4604,5727,3488,4154,5003,6223,7000,2511,4720,2189,5194,5776,4526,5213,8452,4547,9341,3536,4810,1982,2121,3372,2610,617,2874,3174,1613,2626,4589,4874,1806,3300,14592,2886,2828,4982,7628,3226,4890,4823,17010,6225,5185,14364,1784,7735,4604,1638,4018,,Remittance,,,
0210Y,2023cyA     ,            ,01,,119,,(再掲),,,,教育関係費,,,,,10586,10230,9522,8749,5898,8132,10924,10742,9608,10514,8874,11089,9613,6104,6036,10117,6605,8091,8359,7500,10166,9888,13847,10683,10292,3729,16621,12744,8793,9515,18234,12570,8934,12149,11051,8879,8850,9766,12464,12156,7379,7251,13432,8665,5514,7951,12729,6985,7856,11505,5764,7081,10484,15009,7479,7743,9124,10719,8418,7187,5255,6438,7034,9976,10209,7829,,(Regrouped) Expenses for education,,,
0210Y,2023cyA     ,            ,01,,120,,(再掲),,,,教養娯楽関係費,,,,,31786,27760,26919,23767,23683,22764,33156,26395,26737,29470,23280,24373,22618,17733,27765,17626,26446,25988,21797,21164,38508,26360,34015,25613,33499,25976,39979,37146,24899,24242,29692,24776,21903,29411,24712,27519,32673,30381,27226,34093,25121,29724,31940,21923,21224,24733,30788,27742,22151,29591,26301,19360,24531,28348,17561,19993,20561,27277,20902,23964,19751,30596,28292,23706,31953,23188,,(Regrouped) Expenses for culture & recreation,,,
0210Y,2023cyA     ,            ,01,,121,,(再掲),,,,情報通信関係費,,,,,12617,14018,13234,14329,13239,14206,13517,14202,13469,13303,12858,14254,12710,11218,13592,14917,14108,12701,15148,13087,12690,14176,14380,13201,12399,11434,12827,13202,12263,15644,14087,15281,12547,13602,17456,12433,12358,14302,13222,13357,12715,11575,13670,13868,13572,14249,13912,12776,13057,13157,12875,11732,16406,11360,11505,12103,11476,15201,13802,14409,10638,12419,13690,12054,13690,12047,,(a),,,
0210Y,2023cyA     ,            ,01,,122,,(再掲),,,,消費支出(除く住居等) 1),,,,,212715,212967,213479,207538,195879,200434,223761,221682,215158,215146,197605,195565,191473,162402,203505,184937,214003,191094,196265,192362,219984,216658,236717,211972,225246,178033,242076,227924,204738,219332,235000,204469,187993,219114,228592,195522,230712,229594,212744,211861,189428,198363,228071,193669,176230,190821,225184,201098,186568,203282,201722,175337,200921,204663,173592,189463,177717,197086,190676,199271,159393,196412,193562,195053,209952,199838,,(b),,,
0210Y,2023cyA     ,            ,01,,123,,(再掲),,,,財・サービス支出計 2),,,,,232448,232501,230825,220891,216593,213941,245048,239566,229794,231753,211973,210221,211175,179382,230228,197970,230011,209241,209458,222487,240939,238788,259603,234026,239597,190628,265693,245005,222415,248054,249104,214260,208818,239452,252741,217015,240119,263911,234133,233487,209787,205103,239179,212253,193473,208244,232225,223883,199450,226266,213830,188762,217890,224137,197362,207321,197173,223503,210293,221885,183363,230708,210682,218948,228899,219502,,(Regrouped) Sum of Goods & Services 1),,,
0210Y,2023cyA     ,            ,01,,124,,,,,,,財(商品),,,,125807,134203,139902,140139,135985,134851,135597,145963,136701,131346,132286,127355,123441,107121,138556,125406,140301,120152,135883,137630,143289,139932,152621,142973,130560,110238,134414,129791,141332,155608,153326,126126,131656,138647,153786,116117,133229,163190,130663,126790,113119,113710,136169,129192,115242,131290,140219,130128,118139,124867,124379,124882,124930,115875,108673,124953,113776,126099,121442,123208,101541,115794,112101,136045,126397,129842,,Goods (commodities),,,
0210Y,2023cyA     ,            ,01,,125,,,,,,,,耐久財,,,13349,15586,16598,15613,17935,11518,14703,19940,15909,15036,15366,15061,15625,6570,22388,6806,11736,12519,12001,20193,20761,16407,21387,18162,16415,10340,13420,12873,15320,24816,19177,10040,18982,18879,28248,8928,14236,34662,16267,14630,8966,8432,15421,16926,11536,18281,17125,16458,8549,15878,11676,15896,12994,10852,12478,12149,12260,21039,12942,11975,7961,10982,11093,18267,16853,18424,,Durable goods,,,
0210Y,2023cyA     ,            ,01,,126,,,,,,,,半耐久財,,,18693,17730,18532,16754,16264,16390,19948,18109,17865,17234,17576,17081,16237,11260,18958,13040,19008,18138,14631,16868,23767,20714,21287,20603,23102,13757,20026,21691,21271,19083,20885,14778,17222,18157,19681,15264,22008,19152,16981,16626,12276,16304,18556,15624,13178,15871,24133,18472,16464,18502,16668,14115,16530,19882,13607,15158,14511,17697,17265,17061,10996,19359,15882,16249,17607,18365,,Semi-durable goods,,,
0210Y,2023cyA     ,            ,01,,127,,,,,,,,非耐久財,,,93765,100888,104772,107772,101787,106942,100946,107914,102927,99077,99344,95213,91580,89292,97211,105560,109558,89496,109251,100570,98761,102811,109948,104207,91043,86141,100967,95226,104741,111709,113265,101307,95452,101612,105858,91925,96984,109376,97415,95533,91878,88974,102192,96642,90528,97138,98962,95198,93126,90488,96035,94872,95406,85141,82588,97646,87005,87364,91235,94172,82584,85453,85127,101528,91937,93052,,Non-durable goods,,,
0210Y,2023cyA     ,            ,01,,128,,,,,,,サービス,,,,106641,98298,90923,80752,80608,79090,109450,93604,93093,100407,79687,82865,87734,72261,91672,72564,89709,89089,73576,84856,97650,98856,106982,91052,109037,80390,131279,115214,81084,92445,95778,88134,77163,100805,98955,100898,106890,100721,103470,106697,96668,91394,103010,83061,78231,76954,92006,93755,81311,101399,89451,63880,92959,108262,88689,82368,83397,97404,88851,98677,81822,114915,98581,82903,102502,89661,,Services,,,
0210Y,2023cyA     ,            ,01,,129,,エ    ン    ゲ    ル    係    数(％),,,,,,,,,27.2,26.9,27.3,27.2,25.3,27.5,27,26.3,28.2,27.7,27.2,25.7,26.4,29.9,24.1,29,26.5,26.8,28.3,25.1,23.1,23.4,25.9,26,25.8,28.5,27.9,26,26.9,26.7,28.3,26.1,26.6,23.9,24.3,26.2,29.2,24.6,27.1,26.7,31.4,30.2,27.1,28.5,25.5,26.2,25.9,27.1,26,23.6,27,31.7,27.7,25.7,26.8,28,27.3,22.9,26.8,25.5,27.6,24.8,27.9,27.7,24.7,26.1,,Engel's coefficient (%),,,
0210Y,2023cyA     ,            ,01,,130,,年間収入(万円),,,,,,,,,...,...,...,...,...,...,...,...,...,...,...,...,...,...,...,...,...,...,...,...,...,...,...,...,...,...,...,...,...,...,...,...,...,...,...,...,...,...,...,...,...,...,...,...,...,...,...,...,...,...,...,...,...,...,...,...,...,...,...,...,...,...,...,...,...,...,,"Yearly income (in 10,000 yen)",,,
0210Y,2023cyA     ,            ,01,,131,,調整集計世帯数,,,,,,,,,338755,308064,220883,132262,42606,66689,377201,42007,108340,163340,58202,28398,102060,11122,16559,2361,2355,12172,2580,2328,2882,2113,3661,2450,14880,14214,74016,31923,6966,3174,2904,2044,1704,3066,3025,7335,18888,1945,3113,12419,22983,14821,3098,2742,2012,2130,6302,10799,1863,2301,3729,3237,2757,14194,2694,3210,8007,4909,3394,4775,2975,17179,11174,6947,9060,7918,,Adjusted num. of tabulated households,,,
,,,,,,,,,,,,,,,,,,,,,,,,,,,,,,,,,,,,,,,,,,,,,,,,,,,,,,,,,,,,,,,,,,,,,,,,,,,,,,,,,,,,,,
,,,,,,,,,,,,,,,,注：1) 「住居」のほか，「自動車等購入」，「贈与金」，「仕送り金」を除いている。,,,,,,,,"Note: 1)  Sum of Goods & Services is obtained according to commodity classification,",,,,,,注： この表には川崎市，相模原市，浜松市，堺市及び北九州市も掲載されている。,,,,,,,,,,,,,,,,,,,,,,,,,,,,,,,,,,,,,,,,,,,,,,,,,,,,,,,,
,,,,,,,,,,,,,,,,　　2)   財・サービス区分別消費支出は，品目分類の結果から集計しており，財・サービス支出計には，,,,,,,,,"              and does not include “Pocket money (of which, detailed uses unknown)”, “Money gifts”, “Other social expenses” and “Remittance”.",,,,,,"Note : Kawasaki-shi, Sagamihara-shi, Hamamatsu-shi, Sakai-shi and Kitakyushu-shi are also shown in this table.   ",,,,,,,,,,,,,,,,,,,,,,,,,,,,,,,,,,,,,,,,,,,,,,,,,,,,,,,,
,,,,,,,,,,,,,,,,　　　 「こづかい」，「贈与金」，「他の交際費」及び「仕送り金」は含まれていない。,,,,,,,,(a) (Regrouped) Expenses for information & communication,,,,,,,,,,,,,,,,,,,,,,,,,,,,,,,,,,,,,,,,,,,,,,,,,,,,,,,,,,,,,,
,,,,,,,,,,,,,,,,,,,,,,,,"(b) (Regrouped) Consumption expenditures excluding “Housing”, “Purchase of vehicles”, “Money gifts” & “Remittance”",,,,,,,,,,,,,,,,,,,,,,,,,,,,,,,,,,,,,,,,,,,,,,,,,,,,,,,,,,,,,,
