DATE,VIXCLS_DGS10
2014-01-02,4.7433333333333333
2014-01-03,4.5714285714285714
2014-01-06,4.5469798657718121
2014-01-07,4.3648648648648649
2014-01-08,4.2757475083056478
2014-01-09,4.3400673400673401
2014-01-10,4.2152777777777778
2014-01-13,4.6760563380281690
2014-01-14,4.2638888888888889
2014-01-15,4.2344827586206897
2014-01-16,4.3811188811188811
2014-01-17,4.3802816901408451
2014-01-20,.
2014-01-21,4.5157894736842105
2014-01-22,4.4738675958188153
2014-01-23,4.9354838709677419
2014-01-24,6.5963636363636364
2014-01-27,6.2661870503597122
2014-01-28,5.7039711191335740
2014-01-29,6.4498141263940520
2014-01-30,6.3566176470588235
2014-01-31,6.8951310861423221
2014-02-03,8.2145593869731801
2014-02-04,7.2386363636363636
2014-02-05,7.3888888888888889
2014-02-06,6.3113553113553114
2014-02-07,5.6420664206642066
2014-02-10,5.6518518518518519
2014-02-11,5.2763636363636364
2014-02-12,5.1071428571428571
2014-02-13,5.1794871794871795
2014-02-14,4.9345454545454545
2014-02-17,.
2014-02-18,5.1180811808118081
2014-02-19,5.6776556776556777
2014-02-20,5.3586956521739130
2014-02-21,5.3772893772893773
2014-02-24,5.1745454545454545
2014-02-25,5.0629629629629630
2014-02-26,5.3745318352059925
2014-02-27,5.2981132075471698
2014-02-28,5.2631578947368421
2014-03-03,6.1538461538461538
2014-03-04,5.2222222222222222
2014-03-05,5.1444444444444444
2014-03-06,5.1861313868613139
2014-03-07,5.0392857142857143
2014-03-10,5.0896057347670251
2014-03-11,5.3429602888086643
2014-03-12,5.3003663003663004
2014-03-13,6.0977443609022556
2014-03-14,6.7245283018867925
2014-03-17,5.7925925925925926
2014-03-18,5.4179104477611940
2014-03-19,5.4388489208633094
2014-03-20,5.2043010752688172
2014-03-21,5.4545454545454545
2014-03-24,5.5072992700729927
2014-03-25,5.0981818181818182
2014-03-26,5.5092250922509225
2014-03-27,5.4349442379182156
2014-03-28,5.2783882783882784
2014-03-31,5.0842490842490842
2014-04-01,4.7292418772563177
2014-04-02,4.6418439716312057
2014-04-03,4.7750000000000000
2014-04-04,5.0948905109489051
2014-04-07,5.7453874538745387
2014-04-08,5.5353159851301115
2014-04-09,5.0996309963099631
2014-04-10,5.9962264150943396
2014-04-11,6.4752851711026616
2014-04-14,6.0792452830188679
2014-04-15,5.9128787878787879
2014-04-16,5.3509433962264151
2014-04-17,4.8937728937728938
2014-04-18,.
2014-04-21,4.8534798534798535
2014-04-22,4.8315018315018315
2014-04-23,4.9148148148148148
2014-04-24,4.9333333333333333
2014-04-25,5.2462686567164179
2014-04-28,5.1740740740740741
2014-04-29,5.0590405904059041
2014-04-30,5.0224719101123596
2014-05-01,5.0380228136882129
2014-05-02,4.9653846153846154
2014-05-05,5.0532319391634981
2014-05-06,5.2873563218390805
2014-05-07,5.1145038167938931
2014-05-08,5.1455938697318008
2014-05-09,4.9312977099236641
2014-05-12,4.5977443609022556
2014-05-13,4.6475095785440613
2014-05-14,4.7913385826771654
2014-05-15,5.2680000000000000
2014-05-16,4.9365079365079365
2014-05-19,4.8897637795275591
2014-05-20,5.1428571428571429
2014-05-21,4.6889763779527559
2014-05-22,4.6992187500000000
2014-05-23,4.4724409448818898
2014-05-26,.
2014-05-27,4.5674603174603175
2014-05-28,4.7868852459016393
2014-05-29,4.7224489795918367
2014-05-30,4.5967741935483871
2014-06-02,4.5590551181102362
2014-06-03,4.5653846153846154
2014-06-04,4.6283524904214559
2014-06-05,4.5096525096525097
2014-06-06,4.1269230769230769
2014-06-09,4.2557251908396947
2014-06-10,4.1628787878787879
2014-06-11,4.3773584905660377
2014-06-12,4.8682170542635659
2014-06-13,4.6846153846153846
2014-06-16,4.8467432950191571
2014-06-17,4.5338345864661654
2014-06-18,4.0651340996168582
2014-06-19,4.0227272727272727
2014-06-20,4.1254752851711027
2014-06-23,4.1749049429657795
2014-06-24,4.6833976833976834
2014-06-25,4.5097276264591440
2014-06-26,4.5968379446640316
2014-06-27,4.4330708661417323
2014-06-30,4.5731225296442688
2014-07-01,4.3217054263565891
2014-07-02,4.0984848484848485
2014-07-03,3.8943396226415094
2014-07-04,.
2014-07-07,4.3079847908745247
2014-07-08,4.6434108527131783
2014-07-09,4.5330739299610895
2014-07-10,4.9372549019607843
2014-07-11,4.7747035573122530
2014-07-14,4.6352941176470588
2014-07-15,4.6718750000000000
2014-07-16,4.3137254901960784
2014-07-17,5.8866396761133603
2014-07-18,4.8240000000000000
2014-07-21,5.1445783132530120
2014-07-22,4.9354838709677419
2014-07-23,4.6451612903225806
2014-07-24,4.6984126984126984
2014-07-25,5.1169354838709677
2014-07-28,5.0240000000000000
2014-07-29,5.3765182186234818
2014-07-30,5.1867704280155642
2014-07-31,6.5697674418604651
2014-08-01,6.7579365079365079
2014-08-04,6.0239043824701195
2014-08-05,6.7751004016064257
2014-08-06,6.5742971887550201
2014-08-07,6.8559670781893004
2014-08-08,6.4631147540983607
2014-08-11,5.8319672131147541
2014-08-12,5.7439024390243902
2014-08-13,5.3086419753086420
2014-08-14,5.1750000000000000
2014-08-15,5.6196581196581197
2014-08-18,5.1548117154811715
2014-08-19,5.0875000000000000
2014-08-20,4.8477366255144033
2014-08-21,4.8796680497925311
2014-08-22,4.7791666666666667
2014-08-25,4.8953974895397490
2014-08-26,4.8661087866108787
2014-08-27,4.9704641350210970
2014-08-28,5.1495726495726496
2014-08-29,5.0978723404255319
2014-09-01,.
2014-09-02,5.0619834710743802
2014-09-03,5.1286307053941909
2014-09-04,5.1591836734693878
2014-09-05,4.9146341463414634
2014-09-08,5.1048387096774194
2014-09-09,5.4000000000000000
2014-09-10,5.0708661417322835
2014-09-11,5.0393700787401575
2014-09-12,5.0801526717557252
2014-09-15,5.4307692307692308
2014-09-16,4.8961538461538462
2014-09-17,4.8282442748091603
2014-09-18,4.5741444866920152
2014-09-19,4.6756756756756757
2014-09-22,5.3268482490272374
2014-09-23,5.8779527559055118
2014-09-24,5.1634241245136187
2014-09-25,6.2063492063492063
2014-09-26,5.8464566929133858
2014-09-29,6.3920000000000000
2014-09-30,6.4722222222222222
2014-10-01,6.9049586776859504
2014-10-02,6.6229508196721311
2014-10-03,5.9387755102040816
2014-10-06,6.3621399176954733
2014-10-07,7.2881355932203390
2014-10-08,6.4297872340425532
2014-10-09,8.0170940170940171
2014-10-10,9.1948051948051948
2014-10-13,.
2014-10-14,10.3122171945701357
2014-10-15,12.2093023255813953
2014-10-16,11.6129032258064516
2014-10-17,9.9054054054054054
2014-10-20,8.4409090909090909
2014-10-21,7.2107623318385650
2014-10-22,7.9422222222222222
2014-10-23,7.2183406113537118
2014-10-24,7.0349344978165939
2014-10-27,7.0660792951541850
2014-10-28,6.2565217391304348
2014-10-29,6.4743589743589744
2014-10-30,6.2586206896551724
2014-10-31,5.9702127659574468
2014-11-03,6.2415254237288136
2014-11-04,6.3361702127659574
2014-11-05,6.0042372881355932
2014-11-06,5.7196652719665272
2014-11-07,5.6551724137931034
2014-11-10,5.3235294117647059
2014-11-11,.
2014-11-12,5.4936708860759494
2014-11-13,5.8680851063829787
2014-11-14,5.7370689655172414
2014-11-17,5.9786324786324786
2014-11-18,5.9741379310344828
2014-11-19,5.9152542372881356
2014-11-20,5.8034188034188034
2014-11-21,5.5844155844155844
2014-11-24,5.4869565217391304
2014-11-25,5.3964757709251101
2014-11-26,5.3883928571428571
2014-11-27,.
2014-11-28,6.1146788990825688
2014-12-01,6.4369369369369369
2014-12-02,5.6359649122807018
2014-12-03,5.4454148471615721
2014-12-04,5.5022222222222222
2014-12-05,5.1168831168831169
2014-12-08,6.2876106194690265
2014-12-09,6.7072072072072072
2014-12-10,8.5000000000000000
2014-12-11,9.1689497716894977
2014-12-12,10.0380952380952381
2014-12-15,9.6320754716981132
2014-12-16,11.3864734299516908
2014-12-17,9.0841121495327103
2014-12-18,7.5720720720720721
2014-12-19,7.5990783410138249
2014-12-22,7.0276497695852535
2014-12-23,6.5486725663716814
2014-12-24,6.3303964757709251
2014-12-25,.
2014-12-26,6.4444444444444444
2014-12-29,6.7837837837837838
2014-12-30,7.2363636363636364
2014-12-31,8.8479262672811060
2015-01-01,.
2015-01-02,8.3915094339622642
2015-01-05,9.7647058823529412
2015-01-06,10.72081218274111675127
2015-01-07,9.85204081632653061224
2015-01-08,8.3793103448275862
2015-01-09,8.86363636363636363636
2015-01-12,10.20833333333333333333
2015-01-13,10.76439790575916230366
2015-01-14,11.54838709677419354839
2015-01-15,12.64971751412429378531
2015-01-16,11.44808743169398907104
2015-01-19,.
2015-01-20,10.92857142857142857143
2015-01-21,10.08021390374331550802
2015-01-22,8.63157894736842105263
2015-01-23,9.20441988950276243094
2015-01-26,8.48087431693989071038
2015-01-27,9.40983606557377049180
2015-01-28,11.81502890173410404624
2015-01-29,10.59887005649717514124
2015-01-30,12.48214285714285714286
2015-02-02,11.56547619047619047619
2015-02-03,9.68156424581005586592
2015-02-04,10.12707182320441988950
2015-02-05,9.20765027322404371585
2015-02-06,8.86666666666666666667
2015-02-09,9.46428571428571428571
2015-02-10,8.5721393034825871
2015-02-11,8.4800000000000000
2015-02-12,7.70854271356783919598
2015-02-13,7.2722772277227723
2015-02-16,.
2015-02-17,7.3831775700934579
2015-02-18,7.4637681159420290
2015-02-19,7.2464454976303318
2015-02-20,6.7136150234741784
2015-02-23,7.0679611650485437
2015-02-24,6.87939698492462311558
2015-02-25,7.06122448979591836735
2015-02-26,6.8522167487684729
2015-02-27,6.6700000000000000
2015-03-02,6.2692307692307692
2015-03-03,6.5377358490566038
2015-03-04,6.7122641509433962
2015-03-05,6.6540284360189573
2015-03-06,6.7857142857142857
2015-03-09,6.8454545454545455
2015-03-10,7.7990654205607477
2015-03-11,7.9952606635071090
2015-03-12,7.3428571428571429
2015-03-13,7.5117370892018779
2015-03-16,7.4333333333333333
2015-03-17,7.6019417475728155
2015-03-18,7.23834196891191709845
2015-03-19,7.10606060606060606061
2015-03-20,6.74611398963730569948
2015-03-23,6.98437500000000000000
2015-03-24,7.24468085106382978723
2015-03-25,8.00000000000000000000
2015-03-26,7.8606965174129353
2015-03-27,7.72820512820512820513
2015-03-30,7.40306122448979591837
2015-03-31,7.88144329896907216495
2015-04-01,8.08021390374331550802
2015-04-02,7.64062500000000000000
2015-04-03,.
2015-04-06,7.67708333333333333333
2015-04-07,7.82010582010582010582
2015-04-08,7.28125000000000000000
2015-04-09,6.64467005076142131980
2015-04-10,6.41836734693877551020
2015-04-13,7.18556701030927835052
2015-04-14,7.19473684210526315789
2015-04-15,6.72251308900523560209
2015-04-16,6.63157894736842105263
2015-04-17,7.42780748663101604278
2015-04-20,7.00000000000000000000
2015-04-21,6.90104166666666666667
2015-04-22,6.38693467336683417085
2015-04-23,6.36734693877551020408
2015-04-24,6.36787564766839378238
2015-04-27,6.76288659793814432990
2015-04-28,6.2050000000000000
2015-04-29,6.5000000000000000
2015-04-30,7.0975609756097561
2015-05-01,5.9905660377358491
2015-05-04,5.9490740740740741
2015-05-05,6.5342465753424658
2015-05-06,6.7333333333333333
2015-05-07,6.9403669724770642
2015-05-08,5.9537037037037037
2015-05-11,6.0745614035087719
2015-05-12,6.0789473684210526
2015-05-13,6.0616740088105727
2015-05-14,5.7130044843049327
2015-05-15,5.7850467289719626
2015-05-18,5.7085201793721973
2015-05-19,5.6607929515418502
2015-05-20,5.6991150442477876
2015-05-21,5.5296803652968037
2015-05-22,5.4886877828054299
2015-05-25,.
2015-05-26,6.5700934579439252
2015-05-27,6.2009345794392523
2015-05-28,6.2488262910798122
2015-05-29,6.5283018867924528
2015-06-01,6.3789954337899543
2015-06-02,6.2731277533039648
2015-06-03,5.7394957983193277
2015-06-04,6.3679653679653680
2015-06-05,5.8962655601659751
2015-06-08,6.3974895397489540
2015-06-09,5.9793388429752066
2015-06-10,5.2880000000000000
2015-06-11,5.3765690376569038
2015-06-12,5.7656903765690377
2015-06-15,6.5211864406779661
2015-06-16,6.3836206896551724
2015-06-17,6.2500000000000000
2015-06-18,5.6127659574468085
2015-06-19,6.1769911504424779
2015-06-22,5.3755274261603376
2015-06-23,5.0041322314049587
2015-06-24,5.5714285714285714
2015-06-25,5.8375000000000000
2015-06-26,5.6305220883534137
2015-06-29,8.0901287553648069
2015-06-30,7.7574468085106383
2015-07-01,6.6213991769547325
2015-07-02,6.9958333333333333
2015-07-03,.
2015-07-06,7.3956521739130435
2015-07-07,7.0881057268722467
2015-07-08,8.8558558558558559
2015-07-09,8.6077586206896552
2015-07-10,6.9545454545454545
2015-07-13,5.6967213114754098
2015-07-14,5.5477178423236515
2015-07-15,5.6059322033898305
2015-07-16,5.1313559322033898
2015-07-17,5.1068376068376068
2015-07-20,5.1470588235294118
2015-07-21,5.2000000000000000
2015-07-22,5.2017167381974249
2015-07-23,5.5438596491228070
2015-07-24,6.0528634361233480
2015-07-27,6.9955156950672646
2015-07-28,5.9469026548672566
2015-07-29,5.4585152838427948
2015-07-30,5.3201754385964912
2015-07-31,5.5090909090909091
2015-08-03,5.8148148148148148
2015-08-04,5.8295964125560538
2015-08-05,5.4868421052631579
2015-08-06,6.1748878923766816
2015-08-07,6.1422018348623853
2015-08-10,5.4598214285714286
2015-08-11,6.3767441860465116
2015-08-12,6.3598130841121495
2015-08-13,6.1598173515981735
2015-08-14,5.8318181818181818
2015-08-17,6.0277777777777778
2015-08-18,6.2681818181818182
2015-08-19,7.1933962264150943
2015-08-20,9.1578947368421053
2015-08-21,13.6731707317073171
2015-08-24,20.2686567164179104
2015-08-25,16.9905660377358491
2015-08-26,13.9082568807339450
2015-08-27,11.9724770642201835
2015-08-28,11.8949771689497717
2015-08-31,12.8642533936651584
2015-09-01,14.4700460829493088
2015-09-02,11.8590909090909091
2015-09-03,11.7477064220183486
2015-09-04,13.0516431924882629
2015-09-07,.
2015-09-08,11.3181818181818182
2015-09-09,11.8687782805429864
2015-09-10,10.9282511210762332
2015-09-11,10.5454545454545455
2015-09-14,11.1238532110091743
2015-09-15,9.8859649122807018
2015-09-16,9.2826086956521739
2015-09-17,9.5656108597285068
2015-09-18,10.4600938967136150
2015-09-21,9.1545454545454545
2015-09-22,10.4859813084112150
2015-09-23,10.2453703703703704
2015-09-24,11.0187793427230047
2015-09-25,10.8847926267281106
2015-09-28,13.1571428571428571
2015-09-29,13.0878048780487805
2015-09-30,11.8932038834951456
2015-10-01,11.0000000000000000
2015-10-02,10.52261306532663316583
2015-10-05,9.4396135265700483
2015-10-06,9.4634146341463415
2015-10-07,8.8461538461538462
2015-10-08,8.2169811320754717
2015-10-09,8.0566037735849057
2015-10-12,.
2015-10-13,8.5776699029126214
2015-10-14,9.06030150753768844221
2015-10-15,7.8676470588235294
2015-10-16,7.3774509803921569
2015-10-19,7.3431372549019608
2015-10-20,7.5721153846153846
2015-10-21,8.1862745098039216
2015-10-22,7.0833333333333333
2015-10-23,6.9186602870813397
2015-10-26,7.3864734299516908
2015-10-27,7.5268292682926829
2015-10-28,6.8238095238095238
2015-10-29,6.6712328767123288
2015-10-30,6.9768518518518519
2015-11-02,6.4318181818181818
2015-11-03,6.5201793721973094
2015-11-04,6.8933333333333333
2015-11-05,6.6592920353982301
2015-11-06,6.1239316239316239
2015-11-09,7.0000000000000000
2015-11-10,6.5905172413793103
2015-11-11,.
2015-11-12,7.9181034482758621
2015-11-13,8.8070175438596491
2015-11-16,8.0000000000000000
2015-11-17,8.3733333333333333
2015-11-18,7.4229074889867841
2015-11-19,7.5848214285714286
2015-11-20,6.8451327433628319
2015-11-23,6.9422222222222222
2015-11-24,7.1116071428571429
2015-11-25,6.8116591928251121
2015-11-26,.
2015-11-27,6.8108108108108108
2015-11-30,7.2986425339366516
2015-12-01,6.8232558139534884
2015-12-02,7.2981651376146789
2015-12-03,7.7725321888412017
2015-12-04,6.4956140350877193
2015-12-07,7.1031390134529148
2015-12-08,7.8571428571428571
2015-12-09,8.8333333333333333
2015-12-10,8.6339285714285714
2015-12-11,11.4507042253521127
2015-12-14,10.1928251121076233
2015-12-15,9.1885964912280702
2015-12-16,7.7652173913043478
2015-12-17,8.4553571428571429
2015-12-18,9.4520547945205479
2015-12-21,8.5000000000000000
2015-12-22,7.4107142857142857
2015-12-23,6.8590308370044053
2015-12-24,6.9955555555555556
2015-12-25,.
2015-12-28,7.5491071428571429
2015-12-29,6.9310344827586207
2015-12-30,7.4848484848484848
2015-12-31,8.0220264317180617
2016-01-01,.
2016-01-04,9.2410714285714286
2016-01-05,8.5955555555555556
2016-01-06,9.4449541284403670
2016-01-07,11.5694444444444444
2016-01-08,12.6807511737089202
2016-01-11,11.1981566820276498
2016-01-12,10.5990566037735849
2016-01-13,12.1250000000000000
2016-01-14,11.4047619047619048
2016-01-15,13.3103448275862069
2016-01-18,.
2016-01-19,12.6456310679611650
2016-01-20,13.7263681592039801
2016-01-21,13.2128712871287129
2016-01-22,10.7922705314009662
2016-01-25,11.8965517241379310
2016-01-26,11.1940298507462687
2016-01-27,11.4405940594059406
2016-01-28,11.2100000000000000
2016-01-29,10.41237113402061855670
2016-02-01,10.14213197969543147208
2016-02-02,11.75401069518716577540
2016-02-03,11.51595744680851063830
2016-02-04,11.67914438502673796791
2016-02-05,12.56989247311827956989
2016-02-08,14.85714285714285714286
2016-02-09,15.25287356321839080460
2016-02-10,15.37426900584795321637
2016-02-11,17.26380368098159509202
2016-02-12,14.59770114942528735632
2016-02-15,.
2016-02-16,13.54494382022471910112
2016-02-17,12.32596685082872928177
2016-02-18,12.36571428571428571429
2016-02-19,11.66477272727272727273
2016-02-22,10.94915254237288135593
2016-02-23,12.05747126436781609195
2016-02-24,11.84000000000000000000
2016-02-25,11.17543859649122807018
2016-02-26,11.25568181818181818182
2016-02-29,11.81034482758620689655
2016-03-01,9.67213114754098360656
2016-03-02,9.28804347826086956522
2016-03-03,9.12568306010928961749
2016-03-04,8.96808510638297872340
2016-03-07,9.08376963350785340314
2016-03-08,10.20218579234972677596
2016-03-09,9.65263157894736842105
2016-03-10,9.35233160621761658031
2016-03-11,8.33333333333333333333
2016-03-14,8.58883248730964467005
2016-03-15,8.54822335025380710660
2016-03-16,7.72680412371134020619
2016-03-17,7.56020942408376963351
2016-03-18,7.45744680851063829787
2016-03-21,7.18229166666666666667
2016-03-22,7.30412371134020618557
2016-03-23,7.94680851063829787234
2016-03-24,7.71727748691099476440
2016-03-25,.
2016-03-28,8.06349206349206349206
2016-03-29,7.63535911602209944751
2016-03-30,7.40983606557377049180
2016-03-31,7.83707865168539325843
2016-04-01,7.31843575418994413408
2016-04-04,7.93258426966292134831
2016-04-05,8.91329479768786127168
2016-04-06,8.00568181818181818182
2016-04-07,9.50588235294117647059
2016-04-08,8.93023255813953488372
2016-04-11,9.39884393063583815029
2016-04-12,8.29608938547486033520
2016-04-13,7.81920903954802259887
2016-04-14,7.62222222222222222222
2016-04-15,7.73863636363636363636
2016-04-18,7.50000000000000000000
2016-04-19,7.39664804469273743017
2016-04-20,7.17837837837837837838
2016-04-21,7.42021276595744680851
2016-04-22,6.99470899470899470899
2016-04-25,7.37172774869109947644
2016-04-26,7.19587628865979381443
2016-04-27,7.36363636363636363636
2016-04-28,8.27173913043478260870
2016-04-29,8.57923497267759562842
2016-05-02,7.80851063829787234043
2016-05-03,8.61878453038674033149
2016-05-04,8.96648044692737430168
2016-05-05,9.03977272727272727273
2016-05-06,8.22346368715083798883
2016-05-09,8.23163841807909604520
2016-05-10,7.70056497175141242938
2016-05-11,8.49132947976878612717
2016-05-12,8.23428571428571428571
2016-05-13,8.79532163742690058480
2016-05-16,8.38857142857142857143
2016-05-17,8.84659090909090909091
2016-05-18,8.52941176470588235294
2016-05-19,8.82702702702702702703
2016-05-20,8.21621621621621621622
2016-05-23,8.59782608695652173913
2016-05-24,7.75268817204301075269
2016-05-25,7.43315508021390374332
2016-05-26,7.33879781420765027322
2016-05-27,7.09189189189189189189
2016-05-30,.
2016-05-31,7.71195652173913043478
2016-06-01,7.67567567567567567568
2016-06-02,7.53038674033149171271
2016-06-03,7.87719298245614035088
2016-06-06,7.89017341040462427746
2016-06-07,8.16860465116279069767
2016-06-08,8.23391812865497076023
2016-06-09,8.71428571428571428571
2016-06-10,10.38414634146341463415
2016-06-13,12.94444444444444444444
2016-06-14,12.65432098765432098765
2016-06-15,12.58750000000000000000
2016-06-16,12.33757961783439490446
2016-06-17,11.98148148148148148148
2016-06-20,11.00000000000000000000
2016-06-21,10.80701754385964912281
2016-06-22,12.52662721893491124260
2016-06-23,9.91379310344827586207
2016-06-24,16.40764331210191082803
2016-06-27,16.33561643835616438356
2016-06-28,12.84246575342465753425
2016-06-29,11.09333333333333333333
2016-06-30,10.48993288590604026846
2016-07-01,10.11643835616438356164
2016-07-04,.
2016-07-05,11.37226277372262773723
2016-07-06,10.84057971014492753623
2016-07-07,10.54285714285714285714
2016-07-08,9.63503649635036496350
2016-07-11,9.46853146853146853147
2016-07-12,8.85620915032679738562
2016-07-13,8.81081081081081081081
2016-07-14,8.37908496732026143791
2016-07-15,7.91875000000000000000
2016-07-18,7.82389937106918238994
2016-07-19,7.67307692307692307692
2016-07-20,7.40251572327044025157
2016-07-21,8.11464968152866242038
2016-07-22,7.65605095541401273885
2016-07-25,8.14556962025316455696
2016-07-26,8.31210191082802547771
2016-07-27,8.44078947368421052632
2016-07-28,8.36842105263157894737
2016-07-29,8.13013698630136986301
2016-08-01,8.23841059602649006623
2016-08-02,8.62580645161290322581
2016-08-03,8.29677419354838709677
2016-08-04,8.22516556291390728477
2016-08-05,7.16352201257861635220
2016-08-08,7.23270440251572327044
2016-08-09,7.52258064516129032258
2016-08-10,8.03333333333333333333
2016-08-11,7.43949044585987261146
2016-08-12,7.64900662251655629139
2016-08-15,7.61935483870967741935
2016-08-16,8.05095541401273885350
2016-08-17,7.81410256410256410256
2016-08-18,7.47058823529411764706
2016-08-19,7.17721518987341772152
2016-08-22,7.91612903225806451613
2016-08-23,7.98709677419354838710
2016-08-24,8.62179487179487179487
2016-08-25,8.62658227848101265823
2016-08-26,8.42592592592592592593
2016-08-29,8.24203821656050955414
2016-08-30,8.35668789808917197452
2016-08-31,8.49367088607594936709
2016-09-01,8.58598726114649681529
2016-09-02,7.48750000000000000000
2016-09-05,.
2016-09-06,7.75483870967741935484
2016-09-07,7.75324675324675324675
2016-09-08,7.77018633540372670807
2016-09-09,10.47904191616766467066
2016-09-12,9.02380952380952380952
2016-09-13,10.31791907514450867052
2016-09-14,10.67058823529411764706
2016-09-15,9.53216374269005847953
2016-09-16,9.04117647058823529412
2016-09-19,9.13529411764705882353
2016-09-20,9.42011834319526627219
2016-09-21,8.01204819277108433735
2016-09-22,7.37423312883435582822
2016-09-23,7.58641975308641975309
2016-09-26,9.11949685534591194969
2016-09-27,8.39743589743589743590
2016-09-28,7.89171974522292993631
2016-09-29,8.98717948717948717949
2016-09-30,8.30625000000000000000
2016-10-03,8.32515337423312883436
2016-10-04,8.06508875739644970414
2016-10-05,7.55232558139534883721
2016-10-06,7.33714285714285714286
2016-10-07,7.79190751445086705202
2016-10-10,.
2016-10-11,8.67796610169491525424
2016-10-12,8.88826815642458100559
2016-10-13,9.53714285714285714286
2016-10-14,8.95555555555555555556
2016-10-17,9.15819209039548022599
2016-10-18,8.73142857142857142857
2016-10-19,8.18750000000000000000
2016-10-20,7.81250000000000000000
2016-10-21,7.66666666666666666667
2016-10-24,7.35593220338983050847
2016-10-25,7.60451977401129943503
2016-10-26,7.95530726256983240223
2016-10-27,8.30270270270270270270
2016-10-28,8.70430107526881720430
2016-10-31,9.27173913043478260870
2016-11-01,10.14207650273224043716
2016-11-02,10.67403314917127071823
2016-11-03,12.13186813186813186813
2016-11-04,12.57541899441340782123
2016-11-07,10.22404371584699453552
2016-11-08,9.96808510638297872340
2016-11-09,6.9468599033816425
2016-11-10,6.8558139534883721
2016-11-11,.
2016-11-14,6.4932735426008969
2016-11-15,5.9955156950672646
2016-11-16,6.1801801801801802
2016-11-17,5.8296943231441048
2016-11-18,5.4914529914529915
2016-11-21,5.3304721030042918
2016-11-22,5.3722943722943723
2016-11-23,5.2669491525423729
2016-11-24,.
2016-11-25,5.2288135593220339
2016-11-28,5.6681034482758621
2016-11-29,5.6086956521739130
2016-11-30,5.6244725738396624
2016-12-01,5.7428571428571429
2016-12-02,5.8833333333333333
2016-12-05,5.0794979079497908
2016-12-06,4.9330543933054393
2016-12-07,5.2222222222222222
2016-12-08,5.2666666666666667
2016-12-09,4.7570850202429150
2016-12-12,5.0763052208835341
2016-12-13,5.1290322580645161
2016-12-14,5.1929133858267717
2016-12-15,4.9192307692307692
2016-12-16,4.6923076923076923
2016-12-19,4.6102362204724409
2016-12-20,4.4552529182879377
2016-12-21,4.4196078431372549
2016-12-22,4.4823529411764706
2016-12-23,4.4862745098039216
2016-12-26,.
2016-12-27,4.6653696498054475
2016-12-28,5.1593625498007968
2016-12-29,5.3694779116465863
2016-12-30,5.7306122448979592
2017-01-02,.
2017-01-03,5.2448979591836735
2017-01-04,4.8170731707317073
2017-01-05,4.9240506329113924
2017-01-06,4.6776859504132231
2017-01-09,4.8571428571428571
2017-01-10,4.8277310924369748
2017-01-11,4.7310924369747899
2017-01-12,4.8898305084745763
2017-01-13,4.6791666666666667
2017-01-16,.
2017-01-17,5.0944206008583691
2017-01-18,5.1570247933884298
2017-01-19,5.1740890688259109
2017-01-20,4.6532258064516129
2017-01-23,4.8838174273858921
2017-01-24,4.4817813765182186
2017-01-25,4.2727272727272727
2017-01-26,4.2350597609561753
2017-01-27,4.2489959839357430
2017-01-30,4.7710843373493976
2017-01-31,4.8938775510204082
2017-02-01,4.7620967741935484
2017-02-02,4.8104838709677419
2017-02-03,4.4056224899598394
2017-02-06,4.6983471074380165
2017-02-07,4.7041666666666667
2017-02-08,4.8931623931623932
2017-02-09,4.5333333333333333
2017-02-10,4.5020746887966805
2017-02-13,4.5555555555555556
2017-02-14,4.3481781376518219
2017-02-15,4.7689243027888446
2017-02-16,4.8000000000000000
2017-02-17,4.7479338842975207
2017-02-20,.
2017-02-21,4.7613168724279835
2017-02-22,4.8512396694214876
2017-02-23,4.9201680672268908
2017-02-24,4.9653679653679654
2017-02-27,5.1228813559322034
2017-02-28,5.4745762711864407
2017-03-01,5.0975609756097561
2017-03-02,4.7429718875502008
2017-03-03,4.4016064257028112
2017-03-06,4.5140562248995984
2017-03-07,4.5436507936507937
2017-03-08,4.6147859922178988
2017-03-09,4.7307692307692308
2017-03-10,4.5193798449612403
2017-03-13,4.3320610687022901
2017-03-14,4.7307692307692308
2017-03-15,4.6334661354581673
2017-03-16,4.4308300395256917
2017-03-17,4.5120000000000000
2017-03-20,4.5910931174089069
2017-03-21,5.1316872427983539
2017-03-22,5.3375000000000000
2017-03-23,5.4439834024896266
2017-03-24,5.4000000000000000
2017-03-27,5.2521008403361345
2017-03-28,4.7644628099173554
2017-03-29,4.7782426778242678
2017-03-30,4.7685950413223140
2017-03-31,5.1541666666666667
2017-04-03,5.2680851063829787
2017-04-04,4.9957627118644068
2017-04-05,5.5085470085470085
2017-04-06,5.2948717948717949
2017-04-07,5.4075630252100840
2017-04-10,5.9282700421940928
2017-04-11,6.4956896551724138
2017-04-12,6.9166666666666667
2017-04-13,7.1250000000000000
2017-04-14,.
2017-04-17,6.4867256637168142
2017-04-18,6.6146788990825688
2017-04-19,6.7556561085972851
2017-04-20,6.3169642857142857
2017-04-21,6.5312500000000000
2017-04-24,4.7543859649122807
2017-04-25,4.5787234042553191
2017-04-26,4.6767241379310345
2017-04-27,4.5043478260869565
2017-04-28,4.7248908296943231
2017-05-01,4.3390557939914163
2017-05-02,4.6244541484716157
2017-05-03,4.5836909871244635
2017-05-04,4.4322033898305085
2017-05-05,4.4788135593220339
2017-05-08,4.0878661087866109
2017-05-09,4.1157024793388430
2017-05-10,4.2365145228215768
2017-05-11,4.4351464435146444
2017-05-12,4.4635193133047210
2017-05-15,4.4529914529914530
2017-05-16,4.5708154506437768
2017-05-17,7.0225225225225225
2017-05-18,6.5739910313901345
2017-05-19,5.3991031390134529
2017-05-22,4.8577777777777778
2017-05-23,4.6812227074235808
2017-05-24,4.4336283185840708
2017-05-25,4.4400000000000000
2017-05-26,4.3600000000000000
2017-05-29,.
2017-05-30,4.6968325791855204
2017-05-31,4.7104072398190045
2017-06-01,4.4751131221719457
2017-06-02,4.5348837209302326
2017-06-05,4.6192660550458716
2017-06-06,4.8831775700934579
2017-06-07,4.7660550458715596
2017-06-08,4.6392694063926941
2017-06-09,4.8416289592760181
2017-06-12,5.1855203619909502
2017-06-13,4.7149321266968326
2017-06-14,4.9488372093023256
2017-06-15,5.0462962962962963
2017-06-16,4.8055555555555556
2017-06-19,4.7351598173515982
2017-06-20,5.0277777777777778
2017-06-21,4.9768518518518519
2017-06-22,4.8744186046511628
2017-06-23,4.6604651162790698
2017-06-26,4.6261682242990654
2017-06-27,5.0045248868778281
2017-06-28,4.5180180180180180
2017-06-29,5.0396475770925110
2017-06-30,4.8398268398268398
2017-07-03,4.7744680851063830
2017-07-04,.
2017-07-05,4.7510729613733906
2017-07-06,5.2911392405063291
2017-07-07,4.6820083682008368
2017-07-10,4.6680672268907563
2017-07-11,4.5949367088607595
2017-07-12,4.4206008583690987
2017-07-13,4.2127659574468085
2017-07-14,4.0815450643776824
2017-07-17,4.2510822510822511
2017-07-18,4.3568281938325991
2017-07-19,4.3127753303964758
2017-07-20,4.2202643171806167
2017-07-21,4.1785714285714286
2017-07-24,4.1725663716814159
2017-07-25,4.0472103004291845
2017-07-26,4.1921397379912664
2017-07-27,4.3577586206896552
2017-07-28,4.4739130434782609
2017-07-31,4.4608695652173913
2017-08-01,4.4646017699115044
2017-08-02,4.5286343612334802
2017-08-03,4.6607142857142857
2017-08-04,4.4185022026431718
2017-08-07,4.3938053097345133
2017-08-08,4.7860262008733624
2017-08-09,4.9598214285714286
2017-08-10,7.2909090909090909
2017-08-11,7.0821917808219178
2017-08-14,5.5540540540540541
2017-08-15,5.3039647577092511
2017-08-16,5.2645739910313901
2017-08-17,7.1004566210045662
2017-08-18,6.5114155251141553
2017-08-21,6.0504587155963303
2017-08-22,5.1126126126126126
2017-08-23,5.6451612903225806
2017-08-24,5.5844748858447489
2017-08-25,5.1981566820276498
2017-08-28,5.2407407407407407
2017-08-29,5.4929577464788732
2017-08-30,5.2186046511627907
2017-08-31,4.9952830188679245
2017-09-01,4.6898148148148148
2017-09-04,.
2017-09-05,5.9082125603864734
2017-09-06,5.5380952380952381
2017-09-07,5.6341463414634146
2017-09-08,5.8834951456310680
2017-09-11,5.0140186915887850
2017-09-12,4.8755760368663594
2017-09-13,4.7727272727272727
2017-09-14,4.7454545454545455
2017-09-15,4.6227272727272727
2017-09-18,4.5515695067264574
2017-09-19,4.5446428571428571
2017-09-20,4.2894736842105263
2017-09-21,4.2599118942731278
2017-09-22,4.2433628318584071
2017-09-25,4.5990990990990991
2017-09-26,4.5401785714285714
2017-09-27,4.2727272727272727
2017-09-28,4.1341991341991342
2017-09-29,4.0815450643776824
2017-10-02,4.0384615384615385
2017-10-03,4.0815450643776824
2017-10-04,4.1330472103004292
2017-10-05,3.9106382978723404
2017-10-06,4.0717299578059072
2017-10-09,.
2017-10-10,4.2893617021276596
2017-10-11,4.1914893617021277
2017-10-12,4.2532188841201717
2017-10-13,4.2149122807017544
2017-10-16,4.3086956521739130
2017-10-17,4.4826086956521739
2017-10-18,4.3034188034188034
2017-10-19,4.3133047210300429
2017-10-20,4.1715481171548117
2017-10-23,4.6512605042016807
2017-10-24,4.6115702479338843
2017-10-25,4.6024590163934426
2017-10-26,4.5934959349593496
2017-10-27,4.0495867768595041
2017-10-30,4.4303797468354430
2017-10-31,4.2773109243697479
2017-11-01,4.3037974683544304
2017-11-02,4.2255319148936170
2017-11-03,3.9059829059829060
2017-11-06,4.0517241379310345
2017-11-07,4.2629310344827586
2017-11-08,4.2155172413793103
2017-11-09,4.5064377682403433
2017-11-10,4.7041666666666667
2017-11-13,4.7916666666666667
2017-11-14,4.8697478991596639
2017-11-15,5.6351931330472103
2017-11-16,4.9620253164556962
2017-11-17,4.8638297872340426
2017-11-20,4.4936708860759494
2017-11-21,4.1228813559322034
2017-11-22,4.2586206896551724
2017-11-23,.
2017-11-24,4.1324786324786325
2017-11-27,4.2543103448275862
2017-11-28,4.2863247863247863
2017-11-29,4.5147679324894515
2017-11-30,4.6611570247933884
2017-12-01,4.8227848101265823
2017-12-04,4.9282700421940928
2017-12-05,4.8008474576271186
2017-12-06,4.7296137339055794
2017-12-07,4.2869198312236287
2017-12-08,4.0252100840336134
2017-12-11,3.9079497907949791
2017-12-12,4.1333333333333333
2017-12-13,4.3135593220338983
2017-12-14,4.4638297872340426
2017-12-15,4.0085106382978723
2017-12-18,3.9874476987447699
2017-12-19,4.0772357723577236
2017-12-20,3.9036144578313253
2017-12-21,3.8790322580645161
2017-12-22,3.9919354838709677
2017-12-25,.
2017-12-26,4.1497975708502024
2017-12-27,4.3264462809917355
2017-12-28,4.1893004115226337
2017-12-29,4.6000000000000000
2018-01-01,.
2018-01-02,3.9715447154471545
2018-01-03,3.7500000000000000
2018-01-04,3.7479674796747967
2018-01-05,3.7327935222672065
2018-01-08,3.8232931726907631
2018-01-09,3.9529411764705882
2018-01-10,3.8509803921568627
2018-01-11,3.8897637795275591
2018-01-12,3.9843137254901961
2018-01-15,.
2018-01-16,4.5905511811023622
2018-01-17,4.6342412451361868
2018-01-18,4.6641221374045802
2018-01-19,4.2689393939393939
2018-01-22,4.1466165413533835
2018-01-23,4.2205323193916350
2018-01-24,4.3283018867924528
2018-01-25,4.4030418250950570
2018-01-26,4.1654135338345865
2018-01-29,5.1259259259259259
2018-01-30,5.4175824175824176
2018-01-31,4.9779411764705882
2018-02-01,4.8453237410071942
2018-02-02,6.0950704225352113
2018-02-05,13.4729241877256318
2018-02-06,10.7455197132616487
2018-02-07,9.7640845070422535
2018-02-08,11.7403508771929825
2018-02-09,10.2685512367491166
2018-02-12,8.9545454545454545
2018-02-13,8.8233215547703180
2018-02-14,6.6185567010309278
2018-02-15,6.5965517241379310
2018-02-16,6.7804878048780488
2018-02-19,.
2018-02-20,7.1527777777777778
2018-02-21,6.8095238095238095
2018-02-22,6.4109589041095890
2018-02-23,5.7256944444444444
2018-02-26,5.5244755244755245
2018-02-27,6.4103448275862069
2018-02-28,6.9163763066202091
2018-03-01,7.9964412811387900
2018-03-02,6.8496503496503497
2018-03-05,6.5034722222222222
2018-03-06,6.3750000000000000
2018-03-07,6.1453287197231834
2018-03-08,5.7832167832167832
2018-03-09,5.0482758620689655
2018-03-12,5.4982578397212544
2018-03-13,5.7570422535211268
2018-03-14,6.1316725978647687
2018-03-15,5.8829787234042553
2018-03-16,5.5438596491228070
2018-03-19,6.6736842105263158
2018-03-20,6.2975778546712803
2018-03-21,6.1799307958477509
2018-03-22,8.2473498233215548
2018-03-23,8.8191489361702128
2018-03-26,7.3789473684210526
2018-03-27,8.0935251798561151
2018-03-28,8.2563176895306859
2018-03-29,7.2883211678832117
2018-03-30,.
2018-04-02,8.6520146520146520
2018-04-03,7.5627240143369176
2018-04-04,7.1899641577060932
2018-04-05,6.6925795053003534
2018-04-06,7.7581227436823105
2018-04-09,7.8309352517985612
2018-04-10,7.3107142857142857
2018-04-11,7.2544802867383513
2018-04-12,6.5335689045936396
2018-04-13,6.1737588652482270
2018-04-16,5.8515901060070671
2018-04-17,5.4078014184397163
2018-04-18,5.4355400696864111
2018-04-19,5.4657534246575342
2018-04-20,5.7027027027027027
2018-04-23,5.4832214765100671
2018-04-24,6.0066666666666667
2018-04-25,5.8877887788778878
2018-04-26,5.4133333333333333
2018-04-27,5.2060810810810811
2018-04-30,5.4000000000000000
2018-05-01,5.2154882154882155
2018-05-02,5.3771043771043771
2018-05-03,5.4081632653061224
2018-05-04,5.0067796610169492
2018-05-07,5.0000000000000000
2018-05-08,4.9528619528619529
2018-05-09,4.4733333333333333
2018-05-10,4.4545454545454545
2018-05-11,4.2592592592592593
2018-05-14,4.3100000000000000
2018-05-15,4.7500000000000000
2018-05-16,4.3430420711974110
2018-05-17,4.3183279742765273
2018-05-18,4.3856209150326797
2018-05-21,4.2745098039215686
2018-05-22,4.3202614379084967
2018-05-23,4.1794019933554817
2018-05-24,4.2046979865771812
2018-05-25,4.5119453924914676
2018-05-28,.
2018-05-29,6.1444043321299639
2018-05-30,5.2605633802816901
2018-05-31,5.4522968197879859
2018-06-01,4.6574394463667820
2018-06-04,4.3333333333333333
2018-06-05,4.2465753424657534
2018-06-06,3.9191919191919192
2018-06-07,4.1399317406143345
2018-06-08,4.1569965870307167
2018-06-11,4.1722972972972973
2018-06-12,4.1689189189189189
2018-06-13,4.3422818791946309
2018-06-14,4.1224489795918367
2018-06-15,4.0887372013651877
2018-06-18,4.2157534246575342
2018-06-19,4.6193771626297578
2018-06-20,4.3651877133105802
2018-06-21,5.0482758620689655
2018-06-22,4.7482758620689655
2018-06-25,6.0383275261324042
2018-06-26,5.5277777777777778
2018-06-27,6.3286219081272085
2018-06-28,5.9330985915492958
2018-06-29,5.6456140350877193
2018-07-02,5.4355400696864111
2018-07-03,5.7031802120141343
2018-07-04,.
2018-07-05,5.2711267605633803
2018-07-06,4.7411347517730496
2018-07-09,4.4370629370629371
2018-07-10,4.4041811846689895
2018-07-11,4.7824561403508772
2018-07-12,4.4140350877192982
2018-07-13,4.3038869257950530
2018-07-16,4.5017543859649123
2018-07-17,4.2167832167832168
2018-07-18,4.2013888888888889
2018-07-19,4.5316901408450704
2018-07-20,4.4498269896193772
2018-07-23,4.2635135135135135
2018-07-24,4.2067796610169492
2018-07-25,4.1802721088435374
2018-07-26,4.0738255033557047
2018-07-27,4.4020270270270270
2018-07-30,4.7852348993288591
2018-07-31,4.3344594594594595
2018-08-01,4.3833333333333333
2018-08-02,4.0906040268456376
2018-08-03,3.9457627118644068
2018-08-06,3.8333333333333333
2018-08-07,3.6677852348993289
2018-08-08,3.6655405405405405
2018-08-09,3.8464163822525597
2018-08-10,4.5853658536585366
2018-08-13,5.1319444444444444
2018-08-14,4.6055363321799308
2018-08-15,5.1188811188811189
2018-08-16,4.6864111498257840
2018-08-17,4.4041811846689895
2018-08-20,4.4290780141843972
2018-08-21,4.5122807017543860
2018-08-22,4.3439716312056738
2018-08-23,4.4007092198581560
2018-08-24,4.2517730496453901
2018-08-27,4.2666666666666667
2018-08-28,4.3402777777777778
2018-08-29,4.2387543252595156
2018-08-30,4.7307692307692308
2018-08-31,4.4965034965034965
2018-09-03,.
2018-09-04,4.5379310344827586
2018-09-05,4.7965517241379310
2018-09-06,5.0868055555555556
2018-09-07,5.0612244897959184
2018-09-10,4.8163265306122449
2018-09-11,4.4362416107382550
2018-09-12,4.4242424242424242
2018-09-13,4.1649831649831650
2018-09-14,4.0367892976588629
2018-09-17,4.5752508361204013
2018-09-18,4.1934426229508197
2018-09-19,3.8149350649350649
2018-09-20,3.8436482084690554
2018-09-21,3.8045602605863192
2018-09-24,3.9610389610389610
2018-09-25,4.0064516129032258
2018-09-26,4.2124183006535948
2018-09-27,4.0555555555555556
2018-09-28,3.9737704918032787
2018-10-01,3.8834951456310680
2018-10-02,3.9508196721311475
2018-10-03,3.6857142857142857
2018-10-04,4.4576802507836991
2018-10-05,4.5882352941176471
2018-10-08,.
2018-10-09,4.9688473520249221
2018-10-10,7.1304347826086957
2018-10-11,7.9554140127388535
2018-10-12,6.7650793650793651
2018-10-15,6.7405063291139241
2018-10-16,5.5759493670886076
2018-10-17,5.4545454545454545
2018-10-18,6.3280757097791798
2018-10-19,6.2156250000000000
2018-10-22,6.1375000000000000
2018-10-23,6.5331230283911672
2018-10-24,8.1387096774193548
2018-10-25,7.7133757961783439
2018-10-26,7.8441558441558442
2018-10-29,8.0194805194805195
2018-10-30,7.4839743589743590
2018-10-31,6.7396825396825397
2018-11-01,6.1592356687898089
2018-11-02,6.0590062111801242
2018-11-05,6.2375000000000000
2018-11-06,6.1832298136645963
2018-11-07,5.0807453416149068
2018-11-08,5.1604938271604938
2018-11-09,5.4420062695924765
2018-11-12,.
2018-11-13,6.3757961783439490
2018-11-14,6.8108974358974359
2018-11-15,6.4244372990353698
2018-11-16,5.8896103896103896
2018-11-19,6.5686274509803922
2018-11-20,7.3464052287581699
2018-11-21,6.7973856209150327
2018-11-22,.
2018-11-23,7.0557377049180328
2018-11-26,6.1563517915309446
2018-11-27,6.2156862745098039
2018-11-28,6.0424836601307190
2018-11-29,6.2013201320132013
2018-11-30,6.0033222591362126
2018-12-03,5.5167785234899329
2018-12-04,7.1271477663230241
2018-12-05,.
2018-12-06,7.3832752613240418
2018-12-07,8.1508771929824561
2018-12-10,7.9438596491228070
2018-12-11,7.5294117647058824
2018-12-12,7.3745704467353952
2018-12-13,7.0962199312714777
2018-12-14,7.4844290657439446
2018-12-17,8.5734265734265734
2018-12-18,9.0709219858156028
2018-12-19,9.2346570397111913
2018-12-20,10.1720430107526882
2018-12-21,10.7921146953405018
2018-12-24,13.1642335766423358
2018-12-25,.
2018-12-26,10.8220640569395018
2018-12-27,10.8158844765342960
2018-12-28,10.4191176470588235
2018-12-31,9.4498141263940520
2019-01-01,.
2019-01-02,8.7293233082706767
2019-01-03,9.9414062500000000
2019-01-04,8.0074906367041199
2019-01-07,7.9259259259259259
2019-01-08,7.4981684981684982
2019-01-09,7.2919708029197080
2019-01-10,7.1167883211678832
2019-01-11,6.7121771217712177
2019-01-14,7.0369003690036900
2019-01-15,6.8382352941176471
2019-01-16,6.9743589743589744
2019-01-17,6.5672727272727273
2019-01-18,6.3799283154121864
2019-01-21,.
2019-01-22,7.5912408759124088
2019-01-23,7.0724637681159420
2019-01-24,6.9448529411764706
2019-01-25,6.3115942028985507
2019-01-28,6.8618181818181818
2019-01-29,7.0330882352941176
2019-01-30,6.5407407407407407
2019-01-31,6.3003802281368821
2019-02-01,5.9777777777777778
2019-02-04,5.7619047619047619
2019-02-05,5.7453874538745387
2019-02-06,5.6962962962962963
2019-02-07,6.1773584905660377
2019-02-08,5.9771863117870722
2019-02-11,6.0264150943396226
2019-02-12,5.7574626865671642
2019-02-13,5.7749077490774908
2019-02-14,6.0977443609022556
2019-02-15,5.6052631578947368
2019-02-18,.
2019-02-19,5.6150943396226415
2019-02-20,5.2905660377358491
2019-02-21,5.3754646840148699
2019-02-22,5.0981132075471698
2019-02-25,5.5617977528089888
2019-02-26,5.7462121212121212
2019-02-27,5.4646840148698885
2019-02-28,5.4139194139194139
2019-03-01,4.9166666666666667
2019-03-04,5.3786764705882353
2019-03-05,5.4191176470588235
2019-03-06,5.8513011152416357
2019-03-07,6.2840909090909091
2019-03-08,6.1259541984732824
2019-03-11,5.4280303030303030
2019-03-12,5.2758620689655172
2019-03-13,5.1379310344827586
2019-03-14,5.1330798479087452
2019-03-15,4.9729729729729730
2019-03-18,5.0384615384615385
2019-03-19,5.1954022988505747
2019-03-20,5.4763779527559055
2019-03-21,5.3661417322834646
2019-03-22,6.7540983606557377
2019-03-25,6.7201646090534979
2019-03-26,6.0912863070539419
2019-03-27,6.3389121338912134
2019-03-28,6.0376569037656904
2019-03-29,5.6887966804979253
2019-04-01,5.3815261044176707
2019-04-02,5.3870967741935484
2019-04-03,5.4523809523809524
2019-04-04,5.4103585657370518
2019-04-05,5.1280000000000000
2019-04-08,5.2301587301587302
2019-04-09,5.6892430278884462
2019-04-10,5.3629032258064516
2019-04-11,5.1872509960159363
2019-04-12,4.6914062500000000
2019-04-15,4.8313725490196078
2019-04-16,4.6846153846153846
2019-04-17,4.8648648648648649
2019-04-18,4.7042801556420233
2019-04-19,.
2019-04-22,4.7953667953667954
2019-04-23,4.7782101167315175
2019-04-24,5.1936758893280632
2019-04-25,5.2165354330708661
2019-04-26,5.0717131474103586
2019-04-29,5.1614173228346457
2019-04-30,5.2270916334661355
2019-05-01,5.8730158730158730
2019-05-02,5.6549019607843137
2019-05-03,5.0669291338582677
2019-05-06,6.1513944223107570
2019-05-07,7.8857142857142857
2019-05-08,7.7911646586345382
2019-05-09,7.7959183673469388
2019-05-10,6.4939271255060729
2019-05-13,8.5625000000000000
2019-05-14,7.4628099173553719
2019-05-15,6.9367088607594937
2019-05-16,6.3708333333333333
2019-05-17,6.6778242677824268
2019-05-20,6.7676348547717842
2019-05-21,6.1522633744855967
2019-05-22,6.1715481171548117
2019-05-23,7.3246753246753247
2019-05-24,6.8318965517241379
2019-05-27,.
2019-05-28,7.7433628318584071
2019-05-29,7.9555555555555556
2019-05-30,7.7927927927927928
2019-05-31,8.7429906542056075
2019-06-03,9.1111111111111111
2019-06-04,8.0047169811320755
2019-06-05,7.5896226415094340
2019-06-06,7.5141509433962264
2019-06-07,7.7990430622009569
2019-06-10,7.4139534883720930
2019-06-11,7.4372093023255814
2019-06-12,7.4694835680751174
2019-06-13,7.5333333333333333
2019-06-14,7.3110047846889952
2019-06-17,7.3444976076555024
2019-06-18,7.3543689320388350
2019-06-19,7.0591133004926108
2019-06-20,7.3383084577114428
2019-06-21,7.4396135265700483
2019-06-24,7.5544554455445545
2019-06-25,8.1400000000000000
2019-06-26,7.9073170731707317
2019-06-27,7.8706467661691542
2019-06-28,7.5400000000000000
2019-07-01,6.9261083743842365
2019-07-02,6.53030303030303030303
2019-07-03,6.41326530612244897959
2019-07-04,.
2019-07-05,6.5098039215686275
2019-07-08,6.8097560975609756
2019-07-09,6.8067632850241546
2019-07-10,6.2946859903381643
2019-07-11,6.0704225352112676
2019-07-12,5.8443396226415094
2019-07-15,6.0669856459330144
2019-07-16,6.0375586854460094
2019-07-17,6.7815533980582524
2019-07-18,6.6323529411764706
2019-07-19,7.0487804878048780
2019-07-22,6.6000000000000000
2019-07-23,6.0625000000000000
2019-07-24,5.8878048780487805
2019-07-25,6.1250000000000000
2019-07-26,5.8461538461538462
2019-07-29,6.2281553398058252
2019-07-30,6.7669902912621359
2019-07-31,7.9801980198019802
2019-08-01,9.40526315789473684211
2019-08-02,9.46774193548387096774
2019-08-05,14.05142857142857142857
2019-08-06,11.65895953757225433526
2019-08-07,11.39766081871345029240
2019-08-08,9.83139534883720930233
2019-08-09,10.32758620689655172414
2019-08-12,12.78181818181818181818
2019-08-13,10.42857142857142857143
2019-08-14,13.89937106918238993711
2019-08-15,13.93421052631578947368
2019-08-16,11.91612903225806451613
2019-08-19,10.55000000000000000000
2019-08-20,11.29032258064516129032
2019-08-21,9.93710691823899371069
2019-08-22,10.29629629629629629630
2019-08-23,13.07236842105263157895
2019-08-26,12.54545454545454545455
2019-08-27,13.63087248322147651007
2019-08-28,13.16326530612244897959
2019-08-29,11.92000000000000000000
2019-08-30,12.65333333333333333333
2019-09-02,.
2019-09-03,13.37414965986394557823
2019-09-04,11.78911564625850340136
2019-09-05,10.36305732484076433121
2019-09-06,9.67741935483870967742
2019-09-09,9.36809815950920245399
2019-09-10,8.83720930232558139535
2019-09-11,8.34857142857142857143
2019-09-12,7.94413407821229050279
2019-09-13,7.23157894736842105263
2019-09-16,7.97282608695652173913
2019-09-17,7.97790055248618784530
2019-09-18,7.75000000000000000000
2019-09-19,7.84916201117318435754
2019-09-20,8.80459770114942528736
2019-09-23,8.66860465116279069767
2019-09-24,10.39634146341463414634
2019-09-25,9.22543352601156069364
2019-09-26,9.45294117647058823529
2019-09-27,10.18934911242603550296
2019-09-30,9.66666666666666666667
2019-10-01,11.24848484848484848485
2019-10-02,12.85000000000000000000
2019-10-03,12.41558441558441558442
2019-10-04,11.21052631578947368421
2019-10-07,11.44871794871794871795
2019-10-08,13.16883116883116883117
2019-10-09,11.72327044025157232704
2019-10-10,10.52095808383233532934
2019-10-11,8.85227272727272727273
2019-10-14,.
2019-10-15,7.64971751412429378531
2019-10-16,7.81714285714285714286
2019-10-17,7.83522727272727272727
2019-10-18,8.09659090909090909091
2019-10-21,7.77777777777777777778
2019-10-22,8.12359550561797752809
2019-10-23,7.91525423728813559322
2019-10-24,7.74576271186440677966
2019-10-25,7.02777777777777777778
2019-10-28,7.08648648648648648649
2019-10-29,7.17391304347826086957
2019-10-30,6.92696629213483146067
2019-10-31,7.82248520710059171598
2019-11-01,7.10982658959537572254
2019-11-04,7.16759776536312849162
2019-11-05,7.04301075268817204301
2019-11-06,6.97237569060773480663
2019-11-07,6.63020833333333333333
2019-11-08,6.22164948453608247423
2019-11-11,.
2019-11-12,6.60416666666666666667
2019-11-13,6.91489361702127659574
2019-11-14,7.17032967032967032967
2019-11-15,6.54891304347826086957
2019-11-18,6.88397790055248618785
2019-11-19,7.18435754189944134078
2019-11-20,7.38728323699421965318
2019-11-21,7.41807909604519774011
2019-11-22,6.97175141242937853107
2019-11-25,6.74431818181818181818
2019-11-26,6.63218390804597701149
2019-11-27,6.63841807909604519774
2019-11-28,.
2019-11-29,7.08988764044943820225
2019-12-02,8.14754098360655737705
2019-12-03,9.27906976744186046512
2019-12-04,8.36158192090395480226
2019-12-05,8.06666666666666666667
2019-12-06,7.40217391304347826087
2019-12-09,8.66666666666666666667
2019-12-10,8.47567567567567567568
2019-12-11,8.37430167597765363128
2019-12-12,7.33684210526315789474
2019-12-13,6.93956043956043956044
2019-12-16,6.42328042328042328042
2019-12-17,6.50264550264550264550
2019-12-18,6.55208333333333333333
2019-12-19,6.51041666666666666667
2019-12-20,6.51562500000000000000
2019-12-23,6.53367875647668393782
2019-12-24,6.66842105263157894737
2019-12-25,.
2019-12-26,6.65789473684210526316
2019-12-27,7.14361702127659574468
2019-12-30,7.80000000000000000000
2019-12-31,7.17708333333333333333
2020-01-01,.
2020-01-02,6.63297872340425531915
2020-01-03,7.78888888888888888889
2020-01-06,7.65193370165745856354
2020-01-07,7.53551912568306010929
2020-01-08,7.19251336898395721925
2020-01-09,6.77837837837837837838
2020-01-10,6.86338797814207650273
2020-01-13,6.65945945945945945946
2020-01-14,6.80769230769230769231
2020-01-15,6.93854748603351955307
2020-01-16,6.80662983425414364641
2020-01-17,6.57608695652173913043
2020-01-20,.
2020-01-21,7.21910112359550561798
2020-01-22,7.29378531073446327684
2020-01-23,7.45977011494252873563
2020-01-24,8.56470588235294117647
2020-01-27,11.32298136645962732919
2020-01-28,9.86666666666666666667
2020-01-29,10.24375000000000000000
2020-01-30,9.86624203821656050955
2020-01-31,12.47682119205298013245
2020-02-03,11.66883116883116883117
2020-02-04,9.96894409937888198758
2020-02-05,9.12650602409638554217
2020-02-06,9.06666666666666666667
2020-02-07,9.72955974842767295597
2020-02-10,9.64102564102564102564
2020-02-11,9.54716981132075471698
2020-02-12,8.48148148148148148148
2020-02-13,8.78881987577639751553
2020-02-14,8.60377358490566037736
2020-02-17,.
2020-02-18,9.56774193548387096774
2020-02-19,9.21794871794871794872
2020-02-20,10.23684210526315789474
2020-02-21,11.69863013698630136986
2020-02-24,18.13768115942028985507
2020-02-25,20.93984962406015037594
2020-02-26,20.72180451127819548872
2020-02-27,30.12307692307692307692
2020-02-28,35.49557522123893805310
2020-03-02,30.38181818181818181818
2020-03-03,36.09803921568627450980
2020-03-04,31.36274509803921568627
2020-03-05,43.06521739130434782609
2020-03-06,56.67567567567567567568
2020-03-09,100.85185185185185185185
2020-03-10,62.23684210526315789474
2020-03-11,65.73170731707317073171
2020-03-12,85.76136363636363636364
2020-03-13,61.52127659574468085106
2020-03-16,113.27397260273972602740
2020-03-17,74.42156862745098039216
2020-03-18,64.78813559322033898305
2020-03-19,64.28571428571428571429
2020-03-20,71.78260869565217391304
2020-03-23,81.03947368421052631579
2020-03-24,73.41666666666666666667
2020-03-25,72.67045454545454545455
2020-03-26,73.49397590361445783133
2020-03-27,91.02777777777777777778
2020-03-30,81.54285714285714285714
2020-03-31,76.48571428571428571429
2020-04-01,92.03225806451612903226
2020-04-02,80.80952380952380952381
2020-04-03,75.48387096774193548387
2020-04-06,67.52238805970149253731
2020-04-07,62.26666666666666666667
2020-04-08,56.29870129870129870130
2020-04-09,57.08219178082191780822
2020-04-10,.
2020-04-13,54.17105263157894736842
2020-04-14,49.68421052631578947368
2020-04-15,64.82539682539682539683
2020-04-16,65.75409836065573770492
2020-04-17,58.69230769230769230769
2020-04-20,69.57142857142857142857
2020-04-21,78.29310344827586206897
2020-04-22,66.63492063492063492063
2020-04-23,67.83606557377049180328
2020-04-24,59.88333333333333333333
2020-04-27,49.68656716417910447761
2020-04-28,54.14516129032258064516
2020-04-29,49.57142857142857142857
2020-04-30,53.35937500000000000000
2020-05-01,58.10937500000000000000
2020-05-04,56.20312500000000000000
2020-05-05,50.92424242424242424242
2020-05-06,47.38888888888888888889
2020-05-07,49.90476190476190476190
2020-05-08,40.55072463768115942029
2020-05-11,37.76712328767123287671
2020-05-12,47.88405797101449275362
2020-05-13,55.12500000000000000000
2020-05-14,51.76190476190476190476
2020-05-15,49.82812500000000000000
2020-05-18,40.13698630136986301370
2020-05-19,43.61428571428571428571
2020-05-20,41.16176470588235294118
2020-05-21,43.42647058823529411765
2020-05-22,42.66666666666666666667
2020-05-25,.
2020-05-26,40.59420289855072463768
2020-05-27,40.61764705882352941176
2020-05-28,40.84285714285714285714
2020-05-29,42.32307692307692307692
2020-06-01,42.77272727272727272727
2020-06-02,39.47058823529411764706
2020-06-03,33.32467532467532467532
2020-06-04,31.47560975609756097561
2020-06-05,26.94505494505494505495
2020-06-08,29.32954545454545454545
2020-06-09,32.82142857142857142857
2020-06-10,36.76000000000000000000
2020-06-11,61.80303030303030303030
2020-06-12,50.83098591549295774648
2020-06-15,48.45070422535211267606
2020-06-16,44.89333333333333333333
2020-06-17,45.22972972972972972973
2020-06-18,46.39436619718309859155
2020-06-19,50.17142857142857142857
2020-06-22,44.74647887323943661972
2020-06-23,43.56944444444444444444
2020-06-24,49.04347826086956521739
2020-06-25,47.38235294117647058824
2020-06-26,54.26562500000000000000
2020-06-29,49.65625000000000000000
2020-06-30,46.10606060606060606061
2020-07-01,41.47826086956521739130
2020-07-02,40.70588235294117647059
2020-07-03,.
2020-07-06,40.49275362318840579710
2020-07-07,45.27692307692307692308
2020-07-08,41.91044776119402985075
2020-07-09,47.19354838709677419355
2020-07-10,41.98461538461538461538
2020-07-13,50.29687500000000000000
2020-07-14,46.85714285714285714286
2020-07-15,43.37500000000000000000
2020-07-16,45.16129032258064516129
2020-07-17,40.12500000000000000000
2020-07-20,39.45161290322580645161
2020-07-21,40.72131147540983606557
2020-07-22,40.53333333333333333333
2020-07-23,44.20338983050847457627
2020-07-24,43.79661016949152542373
2020-07-27,39.90322580645161290323
2020-07-28,43.11864406779661016949
2020-07-29,41.55172413793103448276
2020-07-30,45.01818181818181818182
2020-07-31,44.47272727272727272727
2020-08-03,43.35714285714285714286
2020-08-04,45.69230769230769230769
2020-08-05,41.80000000000000000000
2020-08-06,41.18181818181818181818
2020-08-07,38.96491228070175438596
2020-08-10,37.50847457627118644068
2020-08-11,37.54687500000000000000
2020-08-12,32.28985507246376811594
2020-08-13,31.16901408450704225352
2020-08-14,31.05633802816901408451
2020-08-17,30.94202898550724637681
2020-08-18,32.10447761194029850746
2020-08-19,33.14705882352941176471
2020-08-20,34.95384615384615384615
2020-08-21,35.21875000000000000000
2020-08-24,34.41538461538461538462
2020-08-25,31.92753623188405797101
2020-08-26,33.72463768115942028986
2020-08-27,33.06756756756756756757
2020-08-28,31.02702702702702702703
2020-08-31,36.68055555555555555556
2020-09-01,38.41176470588235294118
2020-09-02,40.25757575757575757576
2020-09-03,53.33333333333333333333
2020-09-04,42.70833333333333333333
2020-09-07,.
2020-09-08,45.59420289855072463768
2020-09-09,40.57746478873239436620
2020-09-10,43.69117647058823529412
2020-09-11,40.10447761194029850746
2020-09-14,38.01470588235294117647
2020-09-15,37.63235294117647058824
2020-09-16,37.73913043478260869565
2020-09-17,38.34782608695652173913
2020-09-18,36.90000000000000000000
2020-09-21,40.85294117647058823529
2020-09-22,39.50000000000000000000
2020-09-23,42.02941176470588235294
2020-09-24,42.55223880597014925373
2020-09-25,39.96969696969696969697
2020-09-28,39.08955223880597014925
2020-09-29,39.80303030303030303030
2020-09-30,38.21739130434782608696
2020-10-01,39.26470588235294117647
2020-10-02,39.47142857142857142857
2020-10-05,35.84615384615384615385
2020-10-06,38.78947368421052631579
2020-10-07,34.64197530864197530864
2020-10-08,33.79487179487179487179
2020-10-09,31.64556962025316455696
2020-10-12,.
2020-10-13,35.22972972972972972973
2020-10-14,36.16438356164383561644
2020-10-15,36.44594594594594594595
2020-10-16,36.06578947368421052632
2020-10-19,37.41025641025641025641
2020-10-20,36.23456790123456790123
2020-10-21,34.51807228915662650602
2020-10-22,32.31034482758620689655
2020-10-23,32.41176470588235294118
2020-10-26,40.07407407407407407407
2020-10-27,42.21518987341772151899
2020-10-28,50.98734177215189873418
2020-10-29,44.22352941176470588235
2020-10-30,43.20454545454545454545
2020-11-02,42.67816091954022988506
2020-11-03,39.50000000000000000000
2020-11-04,37.91025641025641025641
2020-11-05,34.91139240506329113924
2020-11-06,29.95180722891566265060
2020-11-09,26.82291666666666666667
2020-11-10,25.30612244897959183673
2020-11-11,.
2020-11-12,28.80681818181818181818
2020-11-13,25.95505617977528089888
2020-11-16,24.67032967032967032967
2020-11-17,26.10344827586206896552
2020-11-18,27.09090909090909090909
2020-11-19,26.87209302325581395349
2020-11-20,28.55421686746987951807
2020-11-23,26.34883720930232558140
2020-11-24,24.59090909090909090909
2020-11-25,24.14772727272727272727
2020-11-26,.
2020-11-27,24.80952380952380952381
2020-11-30,24.48809523809523809524
2020-12-01,22.57608695652173913043
2020-12-02,22.28421052631578947368
2020-12-03,23.13043478260869565217
2020-12-04,21.43298969072164948454
2020-12-07,22.65957446808510638298
2020-12-08,22.47826086956521739130
2020-12-09,23.44210526315789473684
2020-12-10,24.47826086956521739130
2020-12-11,25.90000000000000000000
2020-12-14,27.46666666666666666667
2020-12-15,24.88043478260869565217
2020-12-16,24.45652173913043478261
2020-12-17,23.32978723404255319149
2020-12-18,22.70526315789473684211
2020-12-21,26.48421052631578947368
2020-12-22,26.05376344086021505376
2020-12-23,24.28125000000000000000
2020-12-24,22.90425531914893617021
2020-12-25,.
2020-12-28,23.08510638297872340426
2020-12-29,24.55319148936170212766
2020-12-30,24.48387096774193548387
2020-12-31,24.46236559139784946237
2021-01-01,.
2021-01-04,29.00000000000000000000
2021-01-05,26.39583333333333333333
2021-01-06,24.10576923076923076923
2021-01-07,20.71296296296296296296
2021-01-08,19.07964601769911504425
2021-01-11,20.93913043478260869565
2021-01-12,20.28695652173913043478
2021-01-13,20.19090909090909090909
2021-01-14,20.21739130434782608696
2021-01-15,21.92792792792792792793
2021-01-18,.
2021-01-19,21.12727272727272727273
2021-01-20,19.61818181818181818182
2021-01-21,19.03571428571428571429
2021-01-22,19.91818181818181818182
2021-01-25,22.08571428571428571429
2021-01-26,21.92380952380952380952
2021-01-27,35.77884615384615384615
2021-01-28,28.23364485981308411215
2021-01-29,29.81081081081081081081
2021-02-01,27.74311926605504587156
2021-02-02,22.82142857142857142857
2021-02-03,19.92173913043478260870
2021-02-04,18.93043478260869565217
2021-02-05,17.53781512605042016807
2021-02-08,17.84873949579831932773
2021-02-09,18.33050847457627118644
2021-02-10,19.12173913043478260870
2021-02-11,18.31896551724137931034
2021-02-12,16.64166666666666666667
2021-02-15,.
2021-02-16,16.50769230769230769231
2021-02-17,16.66666666666666666667
2021-02-18,17.43410852713178294574
2021-02-19,16.45522388059701492537
2021-02-22,17.11678832116788321168
2021-02-23,16.86861313868613138686
2021-02-24,15.46376811594202898551
2021-02-25,18.75974025974025974026
2021-02-26,19.40972222222222222222
2021-03-01,16.10344827586206896552
2021-03-02,16.97183098591549295775
2021-03-03,18.14285714285714285714
2021-03-04,18.55194805194805194805
2021-03-05,15.80769230769230769231
2021-03-08,16.01886792452830188679
2021-03-09,15.50322580645161290323
2021-03-10,14.74509803921568627451
2021-03-11,14.22727272727272727273
2021-03-12,12.61585365853658536585
2021-03-15,12.36419753086419753086
2021-03-16,12.21604938271604938272
2021-03-17,11.79754601226993865031
2021-03-18,12.61988304093567251462
2021-03-19,12.04022988505747126437
2021-03-22,11.17159763313609467456
2021-03-23,12.45398773006134969325
2021-03-24,13.08641975308641975309
2021-03-25,12.15337423312883435583
2021-03-26,11.29341317365269461078
2021-03-29,11.98843930635838150289
2021-03-30,11.33526011560693641618
2021-03-31,11.14942528735632183908
2021-04-01,10.25443786982248520710
2021-04-02,.
2021-04-05,10.35260115606936416185
2021-04-06,10.85029940119760479042
2021-04-07,10.21428571428571428571
2021-04-08,10.33536585365853658537
2021-04-09,9.99401197604790419162
2021-04-12,10.00591715976331360947
2021-04-13,10.15243902439024390244
2021-04-14,10.35975609756097560976
2021-04-15,10.62179487179487179487
2021-04-16,10.22012578616352201258
2021-04-19,10.73913043478260869565
2021-04-20,11.82278481012658227848
2021-04-21,11.14649681528662420382
2021-04-22,11.91719745222929936306
2021-04-23,10.96835443037974683544
2021-04-26,11.16455696202531645570
2021-04-27,10.77300613496932515337
2021-04-28,10.60122699386503067485
2021-04-29,10.67272727272727272727
2021-04-30,11.27878787878787878788
2021-05-03,11.23312883435582822086
2021-05-04,12.09937888198757763975
2021-05-05,12.04402515723270440252
2021-05-06,11.63924050632911392405
2021-05-07,10.43125000000000000000
2021-05-10,12.06134969325153374233
2021-05-11,13.31707317073170731707
2021-05-12,16.32544378698224852071
2021-05-13,13.93373493975903614458
2021-05-14,11.53987730061349693252
2021-05-17,12.02439024390243902439
2021-05-18,13.01219512195121951220
2021-05-19,13.20238095238095238095
2021-05-20,12.68098159509202453988
2021-05-21,12.36196319018404907975
2021-05-24,11.42857142857142857143
2021-05-25,12.07692307692307692308
2021-05-26,10.98734177215189873418
2021-05-27,10.39751552795031055901
2021-05-28,10.60759493670886075949
2021-05-31,.
2021-06-01,11.04938271604938271605
2021-06-02,10.99371069182389937107
2021-06-03,11.06748466257668711656
2021-06-04,10.52564102564102564103
2021-06-07,10.45859872611464968153
2021-06-08,11.15686274509803921569
2021-06-09,11.92666666666666666667
2021-06-10,11.10344827586206896552
2021-06-11,10.64625850340136054422
2021-06-14,10.85430463576158940397
2021-06-15,11.27152317880794701987
2021-06-16,11.56050955414012738854
2021-06-17,11.67763157894736842105
2021-06-18,14.27586206896551724138
2021-06-21,11.92666666666666666667
2021-06-22,11.25675675675675675676
2021-06-23,10.88000000000000000000
2021-06-24,10.71812080536912751678
2021-06-25,10.14285714285714285714
2021-06-28,10.57718120805369127517
2021-06-29,10.75167785234899328859
2021-06-30,10.91724137931034482759
2021-07-01,10.45945945945945945946
2021-07-02,10.46527777777777777778
2021-07-05,.
2021-07-06,12.00000000000000000000
2021-07-07,12.18045112781954887218
2021-07-08,14.61538461538461538462
2021-07-09,11.81021897810218978102
2021-07-12,11.71739130434782608696
2021-07-13,12.05633802816901408451
2021-07-14,11.91970802919708029197
2021-07-15,12.98473282442748091603
2021-07-16,14.08396946564885496183
2021-07-19,18.90756302521008403361
2021-07-20,16.04065040650406504065
2021-07-21,13.77692307692307692308
2021-07-22,13.92913385826771653543
2021-07-23,13.23076923076923076923
2021-07-26,13.62790697674418604651
2021-07-27,15.48800000000000000000
2021-07-28,14.53174603174603174603
2021-07-29,13.82812500000000000000
2021-07-30,14.70967741935483870968
2021-08-02,16.21666666666666666667
2021-08-03,15.15966386554621848739
2021-08-04,15.10084033613445378151
2021-08-05,14.04878048780487804878
2021-08-06,12.32824427480916030534
2021-08-09,12.57142857142857142857
2021-08-10,12.34558823529411764706
2021-08-11,11.89629629629629629630
2021-08-12,11.46323529411764705882
2021-08-13,11.97674418604651162791
2021-08-16,12.79365079365079365079
2021-08-17,14.21428571428571428571
2021-08-18,16.98425196850393700787
2021-08-19,17.47580645161290322581
2021-08-20,14.73015873015873015873
2021-08-23,13.72000000000000000000
2021-08-24,13.34883720930232558140
2021-08-25,12.43703703703703703704
2021-08-26,14.05970149253731343284
2021-08-27,12.51145038167938931298
2021-08-30,12.55038759689922480620
2021-08-31,12.67692307692307692308
2021-09-01,12.29770992366412213740
2021-09-02,12.72093023255813953488
2021-09-03,12.33834586466165413534
2021-09-06,.
2021-09-07,13.14492753623188405797
2021-09-08,13.30370370370370370370
2021-09-09,14.46153846153846153846
2021-09-10,15.51851851851851851852
2021-09-13,14.56390977443609022556
2021-09-14,15.20312500000000000000
2021-09-15,13.87786259541984732824
2021-09-16,13.94776119402985074627
2021-09-17,15.18978102189781021898
2021-09-20,19.62595419847328244275
2021-09-21,18.31578947368421052632
2021-09-22,15.81060606060606060606
2021-09-23,13.21276595744680851064
2021-09-24,12.07482993197278911565
2021-09-27,12.67567567567567567568
2021-09-28,15.09740259740259740260
2021-09-29,14.55483870967741935484
2021-09-30,15.22368421052631578947
2021-10-01,14.29054054054054054054
2021-10-04,15.40939597315436241611
2021-10-05,13.83116883116883116883
2021-10-06,13.72549019607843137255
2021-10-07,12.36708860759493670886
2021-10-08,11.65838509316770186335
2021-10-11,.
2021-10-12,12.48427672955974842767
2021-10-13,11.94871794871794871795
2021-10-14,11.09210526315789473684
2021-10-15,10.25157232704402515723
2021-10-18,10.25786163522012578616
2021-10-19,9.51515151515151515152
2021-10-20,9.38787878787878787879
2021-10-21,8.93452380952380952381
2021-10-22,9.29518072289156626506
2021-10-25,9.29268292682926829268
2021-10-26,9.80368098159509202454
2021-10-27,11.02597402597402597403
2021-10-28,10.52866242038216560510
2021-10-29,10.49032258064516129032
2021-11-01,10.38607594936708860759
2021-11-02,10.27564102564102564103
2021-11-03,9.43750000000000000000
2021-11-04,10.09150326797385620915
2021-11-05,11.36551724137931034483
2021-11-08,11.40397350993377483444
2021-11-09,12.17808219178082191781
2021-11-10,12.00641025641025641026
2021-11-11,.
2021-11-12,10.31012658227848101266
2021-11-15,10.11656441717791411043
2021-11-16,10.04294478527607361963
2021-11-17,10.69375000000000000000
2021-11-18,11.06289308176100628931
2021-11-19,11.62987012987012987013
2021-11-22,11.76073619631901840491
2021-11-23,11.60479041916167664671
2021-11-24,11.32926829268292682927
2021-11-25,.
2021-11-26,19.33783783783783783784
2021-11-29,15.10526315789473684211
2021-11-30,19.01398601398601398601
2021-12-01,21.76223776223776223776
2021-12-02,19.40972222222222222222
2021-12-03,22.71851851851851851852
2021-12-06,19.00699300699300699301
2021-12-07,14.79054054054054054054
2021-12-08,13.09210526315789473684
2021-12-09,14.48322147651006711409
2021-12-10,12.62837837837837837838
2021-12-13,14.30281690140845070423
2021-12-14,15.20138888888888888889
2021-12-15,13.12244897959183673469
2021-12-16,14.28472222222222222222
2021-12-17,15.29787234042553191489
2021-12-20,15.99300699300699300699
2021-12-21,14.19594594594594594595
2021-12-22,12.76027397260273972603
2021-12-23,11.97333333333333333333
2021-12-24,.
2021-12-27,11.94594594594594594595
2021-12-28,11.77181208053691275168
2021-12-29,10.93548387096774193548
2021-12-30,11.40131578947368421053
2021-12-31,11.32894736842105263158
2022-01-03,10.18404907975460122699
2022-01-04,10.18674698795180722892
2022-01-05,11.53801169590643274854
2022-01-06,11.33526011560693641618
2022-01-07,10.65909090909090909091
2022-01-10,10.89887640449438202247
2022-01-11,10.52000000000000000000
2022-01-12,10.12643678160919540230
2022-01-13,11.94705882352941176471
2022-01-14,10.78089887640449438202
2022-01-17,.
2022-01-18,12.18716577540106951872
2022-01-19,13.03278688524590163934
2022-01-20,13.98360655737704918033
2022-01-21,16.48571428571428571429
2022-01-24,17.08571428571428571429
2022-01-25,17.50561797752808988764
2022-01-26,17.27567567567567567568
2022-01-27,16.84530386740331491713
2022-01-28,15.53932584269662921348
2022-01-31,13.87150837988826815642
2022-02-01,12.13259668508287292818
2022-02-02,12.41011235955056179775
2022-02-03,13.37912087912087912088
2022-02-04,12.03108808290155440415
2022-02-07,11.90625000000000000000
2022-02-08,10.93877551020408163265
2022-02-09,10.28865979381443298969
2022-02-10,11.7783251231527094
2022-02-11,14.25000000000000000000
2022-02-14,14.30808080808080808081
2022-02-15,12.5365853658536585
2022-02-16,11.9655172413793103
2022-02-17,14.26903553299492385787
2022-02-18,14.45312500000000000000
2022-02-21,.
2022-02-22,14.85051546391752577320
2022-02-23,15.58793969849246231156
2022-02-24,15.46938775510204081633
2022-02-25,14.00507614213197969543
2022-02-28,16.47540983606557377049
2022-03-01,19.37209302325581395349
2022-03-02,16.52688172043010752688
2022-03-03,16.38709677419354838710
2022-03-04,18.37931034482758620690
2022-03-07,20.47752808988764044944
2022-03-08,18.88709677419354838710
2022-03-09,16.72680412371134020619
2022-03-10,15.26767676767676767677
2022-03-11,15.3750000000000000
2022-03-14,14.8457943925233645
2022-03-15,13.8744186046511628
2022-03-16,12.1780821917808219
2022-03-17,11.6681818181818182
2022-03-18,11.1542056074766355
2022-03-21,10.1422413793103448
2022-03-22,9.6386554621848739
2022-03-23,10.1594827586206897
2022-03-24,9.2606837606837607
2022-03-25,8.3911290322580645
2022-03-28,7.9796747967479675
2022-03-29,7.8423236514522822
2022-03-30,8.2255319148936170
2022-03-31,8.8620689655172414
2022-04-01,8.2133891213389121
2022-04-04,7.6735537190082645
2022-04-05,8.2795275590551181
2022-04-06,8.4674329501915709
2022-04-07,8.1015037593984962
2022-04-08,7.7794117647058824
2022-04-11,8.7347670250896057
2022-04-12,8.9191176470588235
2022-04-13,8.0814814814814815
2022-04-14,8.0212014134275618
2022-04-15,.
2022-04-18,7.7789473684210526
2022-04-19,7.2935153583617747
2022-04-20,7.1298245614035088
2022-04-21,7.8206896551724138
2022-04-22,9.7275862068965517
2022-04-25,9.6156583629893238
2022-04-26,12.1010830324909747
2022-04-27,11.2056737588652482
2022-04-28,10.5228070175438596
2022-04-29,11.5570934256055363
2022-05-02,10.8160535117056856
2022-05-03,9.8484848484848485
2022-05-04,8.6757679180887372
2022-05-05,10.2295081967213115
2022-05-06,9.6762820512820513
2022-05-09,11.3934426229508197
2022-05-10,11.0334448160535117
2022-05-11,11.1890034364261168
2022-05-12,11.1866197183098592
2022-05-13,9.8532423208191126
2022-05-16,9.5381944444444444
2022-05-17,8.7583892617449664
2022-05-18,10.7128027681660900
2022-05-19,10.3345070422535211
2022-05-20,10.5863309352517986
2022-05-23,9.9580419580419580
2022-05-24,10.6702898550724638
2022-05-25,10.3163636363636364
2022-05-26,10.0000000000000000
2022-05-27,9.3868613138686131
2022-05-30,.
2022-05-31,9.1894736842105263
2022-06-01,8.7380952380952381
2022-06-02,8.4657534246575342
2022-06-03,8.3750000000000000
2022-06-06,8.2467105263157895
2022-06-07,8.0604026845637584
2022-06-08,7.9075907590759076
2022-06-09,8.5822368421052632
2022-06-10,8.8095238095238095
2022-06-13,9.9183673469387755
2022-06-14,9.3667621776504298
2022-06-15,8.8948948948948949
2022-06-16,10.0457317073170732
2022-06-17,9.5784615384615385
2022-06-20,.
2022-06-21,9.1208459214501511
2022-06-22,9.1613924050632911
2022-06-23,9.4012944983818770
2022-06-24,8.6996805111821086
2022-06-27,8.4218750000000000
2022-06-28,8.8625000000000000
2022-06-29,9.0838709677419355
2022-06-30,9.6342281879194631
2022-07-01,9.2708333333333333
2022-07-04,.
2022-07-05,9.7659574468085106
2022-07-06,9.1228668941979522
2022-07-07,8.6644518272425249
2022-07-08,7.9741100323624595
2022-07-11,8.7525083612040134
2022-07-12,9.2195945945945946
2022-07-13,9.2164948453608247
2022-07-14,8.9189189189189189
2022-07-15,8.2696245733788396
2022-07-18,8.5472972972972973
2022-07-19,8.1395348837209302
2022-07-20,7.8552631578947368
2022-07-21,7.9415807560137457
2022-07-22,8.3140794223826715
2022-07-25,8.3131672597864769
2022-07-26,8.7864768683274021
2022-07-27,8.3597122302158273
2022-07-28,8.3320895522388060
2022-07-29,7.9887640449438202
2022-08-01,8.7846153846153846
2022-08-02,8.7018181818181818
2022-08-03,8.0402930402930403
2022-08-04,8.0000000000000000
2022-08-05,7.4734982332155477
2022-08-08,7.6859205776173285
2022-08-09,7.7750000000000000
2022-08-10,7.1007194244604317
2022-08-11,7.0383275261324042
2022-08-12,6.8767605633802817
2022-08-15,7.1505376344086022
2022-08-16,6.9822695035460993
2022-08-17,6.8858131487889273
2022-08-18,6.7916666666666667
2022-08-19,6.9127516778523490
2022-08-22,7.8547854785478548
2022-08-23,7.9049180327868852
2022-08-24,7.3376205787781350
2022-08-25,7.1881188118811881
2022-08-26,8.4078947368421053
2022-08-29,8.4006410256410256
2022-08-30,8.4276527331189711
2022-08-31,8.2126984126984127
2022-09-01,7.8404907975460123
2022-09-02,7.9593750000000000
2022-09-05,.
2022-09-06,8.0810810810810811
2022-09-07,7.5351681957186544
2022-09-08,7.1762917933130699
2022-09-09,6.8438438438438438
2022-09-12,7.0830860534124629
2022-09-13,7.9736842105263158
2022-09-14,7.6715542521994135
2022-09-15,7.6144927536231884
2022-09-16,7.6231884057971014
2022-09-19,7.3810888252148997
2022-09-20,7.6078431372549020
2022-09-21,7.9743589743589744
2022-09-22,7.3918918918918919
2022-09-23,8.1084010840108401
2022-09-26,8.3144329896907216
2022-09-27,8.2115869017632242
2022-09-28,8.1129032258064516
2022-09-29,8.4680851063829787
2022-09-30,8.2558746736292428
2022-10-03,8.2016348773841962
2022-10-04,8.0303867403314917
2022-10-05,7.5930851063829787
2022-10-06,7.9686684073107050
2022-10-07,8.0616966580976864
2022-10-10,.
2022-10-11,8.5572519083969466
2022-10-12,8.5856777493606138
2022-10-13,8.0453400503778338
2022-10-14,8.0050000000000000
2022-10-17,7.8034825870646766
2022-10-18,7.6059850374064838
2022-10-19,7.4299516908212560
2022-10-20,7.0707547169811321
2022-10-21,7.0522565320665083
2022-10-24,7.0235294117647059
2022-10-25,6.9414634146341463
2022-10-26,6.7524752475247525
2022-10-27,6.9166666666666667
2022-10-28,6.4054726368159204
2022-10-31,6.3121951219512195
2022-11-01,6.3415233415233415
2022-11-02,6.3073170731707317
2022-11-03,6.1111111111111111
2022-11-04,5.8872901678657074
2022-11-07,5.7701421800947867
2022-11-08,6.1690821256038647
2022-11-09,6.3325242718446602
2022-11-10,6.1596858638743455
2022-11-11,.
2022-11-14,6.1159793814432990
2022-11-15,6.4578947368421053
2022-11-16,6.5694822888283379
2022-11-17,6.3474801061007958
2022-11-18,6.0523560209424084
2022-11-21,5.8381201044386423
2022-11-22,5.6622340425531915
2022-11-23,5.4851752021563342
2022-11-24,.
2022-11-25,5.5706521739130435
2022-11-28,6.0189701897018970
2022-11-29,5.8373333333333333
2022-11-30,5.5923913043478261
2022-12-01,5.6203966005665722
2022-12-02,5.4301994301994302
2022-12-05,5.7638888888888889
2022-12-06,6.3162393162393162
2022-12-07,6.6315789473684211
2022-12-08,6.4051724137931034
2022-12-09,6.3949579831932773
2022-12-12,6.9252077562326870
2022-12-13,6.4245014245014245
2022-12-14,6.0573065902578797
2022-12-15,6.6366279069767442
2022-12-16,6.5000000000000000
2022-12-19,6.2801120448179272
2022-12-20,5.8211382113821138
2022-12-21,5.4538043478260870
2022-12-22,5.9863760217983651
2022-12-23,5.5653333333333333
2022-12-26,.
2022-12-27,5.6380208333333333
2022-12-28,5.7061855670103093
2022-12-29,5.5979112271540470
2022-12-30,5.5850515463917526
2023-01-02,.
2023-01-03,6.0422163588390501
2023-01-04,5.9647696476964770
2023-01-05,6.0539083557951482
2023-01-06,5.9521126760563380
2023-01-09,6.2237960339943343
2023-01-10,5.7008310249307479
2023-01-11,5.9576271186440678
2023-01-12,5.4897959183673469
2023-01-13,5.2578796561604585
2023-01-16,.
2023-01-17,5.4844192634560907
2023-01-18,6.0356083086053412
2023-01-19,6.0530973451327434
2023-01-20,5.7040229885057471
2023-01-23,5.6278409090909091
2023-01-24,5.5491329479768786
2023-01-25,5.5144508670520231
2023-01-26,5.3667621776504298
2023-01-27,5.2585227272727273
2023-01-30,5.6169014084507042
2023-01-31,5.5113636363636364
2023-02-01,5.2713864306784661
2023-02-02,5.5088235294117647
2023-02-03,5.1926345609065156
2023-02-06,5.3526170798898072
2023-02-07,5.0844686648501362
2023-02-08,5.4077134986225895
2023-02-09,5.6430517711171662
2023-02-10,5.4893048128342246
2023-02-13,5.4677419354838710
2023-02-14,5.0159151193633952
2023-02-15,4.7847769028871391
2023-02-16,5.2253886010362694
2023-02-17,5.2408376963350785
2023-02-20,.
2023-02-21,5.7898734177215190
2023-02-22,5.6717557251908397
2023-02-23,5.4484536082474227
2023-02-24,5.4860759493670886
2023-02-27,5.3443877551020408
2023-02-28,5.2806122448979592
2023-03-01,5.1321695760598504
2023-03-02,4.8014705882352941
2023-03-03,4.6574307304785894
2023-03-06,4.6758793969849246
2023-03-07,4.9345088161209068
2023-03-08,4.8015075376884422
2023-03-09,5.7531806615776081
2023-03-10,6.7027027027027027
2023-03-13,7.4704225352112676
2023-03-14,6.5192307692307692
2023-03-15,7.4472934472934473
2023-03-16,6.4578651685393258
2023-03-17,7.5250737463126844
2023-03-20,6.9596541786743516
2023-03-21,5.9554317548746518
2023-03-22,6.3965517241379310
2023-03-23,6.6893491124260355
2023-03-24,6.4319526627218935
2023-03-27,5.8356940509915014
2023-03-28,5.6253521126760563
2023-03-29,5.3557422969187675
2023-03-30,5.3577464788732394
2023-03-31,5.3735632183908046
2023-04-03,5.4081632653061224
2023-04-04,5.6716417910447761
2023-04-05,5.7818181818181818
2023-04-06,5.5757575757575758
2023-04-07,.
2023-04-10,5.5630498533724340
2023-04-11,5.5685131195335277
2023-04-12,5.5982404692082111
2023-04-13,5.1594202898550725
2023-04-14,4.8494318181818182
2023-04-17,4.7083333333333333
2023-04-18,4.7011173184357542
2023-04-19,4.5722222222222222
2023-04-20,4.8502824858757062
2023-04-21,4.6974789915966387
2023-04-24,4.7982954545454545
2023-04-25,5.5176470588235294
2023-04-26,5.4927113702623907
2023-04-27,4.8243626062322946
2023-04-28,4.5872093023255814
2023-05-01,4.4791086350974930
2023-05-02,5.1686046511627907
2023-05-03,5.4260355029585799
2023-05-04,5.9614243323442136
2023-05-05,4.9970930232558140
2023-05-08,4.8238636363636364
2023-05-09,5.0169971671388102
2023-05-10,4.9387755102040816
2023-05-11,4.9941002949852507
2023-05-12,4.9219653179190751
2023-05-15,4.8914285714285714
2023-05-16,5.0819209039548023
2023-05-17,4.7254901960784314
2023-05-18,4.3972602739726027
2023-05-19,4.5432432432432432
2023-05-22,4.6263440860215054
2023-05-23,5.0081081081081081
2023-05-24,5.3699731903485255
2023-05-25,4.9973890339425587
2023-05-26,4.7236842105263158
2023-05-29,.
2023-05-30,4.7317073170731707
2023-05-31,4.9285714285714286
2023-06-01,4.3351800554016620
2023-06-02,3.9566395663956640
2023-06-05,3.9918699186991870
2023-06-06,3.7729729729729730
2023-06-07,3.6781002638522427
2023-06-08,3.6595174262734584
2023-06-09,3.6880000000000000
2023-06-12,4.0241286863270777
2023-06-13,3.8046875000000000
2023-06-14,3.6240208877284595
2023-06-15,3.8978494623655914
2023-06-16,3.5915119363395225
2023-06-19,.
2023-06-20,3.7112299465240642
2023-06-21,3.5483870967741935
2023-06-22,3.3973684210526316
2023-06-23,3.5935828877005348
2023-06-26,3.8306451612903226
2023-06-27,3.6445623342175066
2023-06-28,3.6199460916442049
2023-06-29,3.5168831168831169
2023-06-30,3.5669291338582677
2023-07-03,3.5155440414507772
2023-07-04,.
2023-07-05,3.5898734177215190
2023-07-06,3.8123456790123457
2023-07-07,3.6527093596059113
2023-07-10,3.7581047381546135
2023-07-11,3.7192982456140351
2023-07-12,3.5077720207253886
2023-07-13,3.6196808510638298
2023-07-14,3.4830287206266319
2023-07-17,3.5380577427821522
2023-07-18,3.5000000000000000
2023-07-19,3.6693333333333333
2023-07-20,3.6337662337662338
2023-07-21,3.5416666666666667
2023-07-24,3.6036269430051813
2023-07-25,3.5447570332480818
2023-07-26,3.4170984455958549
2023-07-27,3.5935162094763092
2023-07-28,3.3661616161616162
2023-07-31,3.4332493702770781
2023-08-01,3.4395061728395062
2023-08-02,3.9436274509803922
2023-08-03,3.7904761904761905
2023-08-04,4.2222222222222222
2023-08-07,3.8557457212713936
2023-08-08,3.9776119402985075
2023-08-09,3.9900000000000000
2023-08-10,3.8753056234718826
2023-08-11,3.5673076923076923
2023-08-14,3.5369928400954654
2023-08-15,3.9097387173396675
2023-08-16,3.9205607476635514
2023-08-17,4.1604651162790698
2023-08-18,4.0610328638497653
2023-08-21,3.9470046082949309
2023-08-22,3.9101382488479263
2023-08-23,3.8138424821002387
2023-08-24,4.0661938534278960
2023-08-25,3.6894117647058824
2023-08-28,3.5904761904761905
2023-08-29,3.5072815533980583
2023-08-30,3.3689320388349515
2023-08-31,3.3178484107579462
2023-09-01,3.1315789473684211
2023-09-04,.
2023-09-05,3.2810304449648712
2023-09-06,3.3604651162790698
2023-09-07,3.3723653395784543
2023-09-08,3.2488262910798122
2023-09-11,3.2167832167832168
2023-09-12,3.3325526932084309
2023-09-13,3.1717647058823529
2023-09-14,2.9883449883449883
2023-09-15,3.1847575057736721
2023-09-18,3.2407407407407407
2023-09-19,3.2288329519450801
2023-09-20,3.4804597701149425
2023-09-21,3.9064587973273942
2023-09-22,3.8738738738738739
2023-09-25,3.7142857142857143
2023-09-26,4.1535087719298246
2023-09-27,3.9522776572668113
2023-09-28,3.7777777777777778
2023-09-29,3.8169934640522876
2023-10-02,3.7547974413646055
2023-10-03,4.1122661122661123
2023-10-04,3.9281183932346723
2023-10-05,3.9173728813559322
2023-10-06,3.6506276150627615
2023-10-09,.
2023-10-10,3.6545064377682403
2023-10-11,3.5131004366812227
2023-10-12,3.5510638297872340
2023-10-13,4.1727861771058315
2023-10-16,3.6539278131634820
2023-10-17,3.7018633540372671
2023-10-18,3.9144602851323829
2023-10-19,4.2971887550200803
2023-10-20,4.4036511156186613
2023-10-23,4.1913580246913580
2023-10-24,3.9275362318840580
2023-10-25,4.0787878787878788
2023-10-26,4.2551440329218107
2023-10-27,4.3946280991735537
2023-10-30,4.0471311475409836
2023-10-31,3.7172131147540984
2023-11-01,3.5366876310272537
2023-11-02,3.3533190578158458
2023-11-03,3.2625820568927790
2023-11-06,3.1884368308351178
2023-11-07,3.2336244541484716
2023-11-08,3.2182628062360802
2023-11-09,3.3095238095238095
2023-11-10,3.0737527114967462
2023-11-13,3.1879049676025918
2023-11-14,3.1891891891891892
2023-11-15,3.1302428256070640
2023-11-16,3.2179775280898876
2023-11-17,3.1081081081081081
2023-11-20,3.0339366515837104
2023-11-21,3.0272108843537415
2023-11-22,2.9072398190045249
2023-11-23,.
2023-11-24,2.7874720357941834
2023-11-27,2.8906605922551253
2023-11-28,2.9239631336405530
2023-11-29,3.0398126463700234
2023-11-30,2.9565217391304348
2023-12-01,2.9928909952606635
2023-12-04,3.0560747663551402
2023-12-05,3.0741626794258373
2023-12-06,3.1480582524271845
2023-12-07,3.1545893719806763
2023-12-08,2.9196217494089835
2023-12-11,2.9858156028368794
2023-12-12,2.8738095238095238
2023-12-13,3.0173267326732673
2023-12-14,3.1836734693877551
2023-12-15,3.1406649616368286
2023-12-18,3.1797468354430380
2023-12-19,3.1882951653944020
2023-12-20,3.5414507772020725
2023-12-21,3.5089974293059126
2023-12-22,3.3410256410256410
2023-12-25,.
2023-12-26,3.3393316195372751
2023-12-27,3.2796833773087071
2023-12-28,3.2473958333333333
2023-12-29,3.2087628865979381
